file,line,type,commit,author,date,time,timezone,datetime,depth,length
style.css,1,css,afe02803,Viki Shi,2025-04-07,17:38:29,-07:00,2025-04-07T17:38:29-07:00,0,5
style.css,2,css,6bb6acb2,Viki Shi,2025-04-13,14:04:22,-07:00,2025-04-13T14:04:22-07:00,0,34
style.css,3,css,6bb6acb2,Viki Shi,2025-04-13,14:04:22,-07:00,2025-04-13T14:04:22-07:00,0,33
style.css,4,css,e7632db5,Viki Shi,2025-04-13,14:27:02,-07:00,2025-04-13T14:27:02-07:00,0,24
style.css,5,css,6bb6acb2,Viki Shi,2025-04-13,14:04:22,-07:00,2025-04-13T14:04:22-07:00,0,0
style.css,6,css,afe02803,Viki Shi,2025-04-07,17:38:29,-07:00,2025-04-07T17:38:29-07:00,0,0
style.css,7,css,fa9a4e92,Viki Shi,2025-04-02,11:18:37,-07:00,2025-04-02T11:18:37-07:00,0,5
style.css,8,css,abff608e,Viki Shi,2025-04-13,14:39:24,-07:00,2025-04-13T14:39:24-07:00,0,24
style.css,9,css,abff608e,Viki Shi,2025-04-13,14:39:24,-07:00,2025-04-13T14:39:24-07:00,0,16
style.css,10,css,abff608e,Viki Shi,2025-04-13,14:39:24,-07:00,2025-04-13T14:39:24-07:00,0,19
style.css,11,css,abff608e,Viki Shi,2025-04-13,14:39:24,-07:00,2025-04-13T14:39:24-07:00,0,13
style.css,12,css,abff608e,Viki Shi,2025-04-13,14:39:24,-07:00,2025-04-13T14:39:24-07:00,0,0
style.css,13,css,abff608e,Viki Shi,2025-04-13,14:39:24,-07:00,2025-04-13T14:39:24-07:00,0,0
style.css,14,css,7533cf77,Viki Shi,2025-04-28,23:17:48,-07:00,2025-04-28T23:17:48-07:00,0,10
style.css,15,css,7533cf77,Viki Shi,2025-04-28,23:17:48,-07:00,2025-04-28T23:17:48-07:00,0,12
style.css,16,css,7533cf77,Viki Shi,2025-04-28,23:17:48,-07:00,2025-04-28T23:17:48-07:00,0,12
style.css,17,css,7533cf77,Viki Shi,2025-04-28,23:17:48,-07:00,2025-04-28T23:17:48-07:00,0,0
style.css,18,css,7533cf77,Viki Shi,2025-04-28,23:17:48,-07:00,2025-04-28T23:17:48-07:00,0,0
style.css,19,css,7533cf77,Viki Shi,2025-04-28,23:17:48,-07:00,2025-04-28T23:17:48-07:00,0,19
style.css,20,css,7533cf77,Viki Shi,2025-04-28,23:17:48,-07:00,2025-04-28T23:17:48-07:00,0,18
style.css,21,css,7533cf77,Viki Shi,2025-04-28,23:17:48,-07:00,2025-04-28T23:17:48-07:00,0,9
style.css,22,css,7533cf77,Viki Shi,2025-04-28,23:17:48,-07:00,2025-04-28T23:17:48-07:00,0,11
style.css,23,css,7533cf77,Viki Shi,2025-04-28,23:17:48,-07:00,2025-04-28T23:17:48-07:00,0,16
style.css,24,css,7533cf77,Viki Shi,2025-04-28,23:17:48,-07:00,2025-04-28T23:17:48-07:00,0,20
style.css,25,css,7533cf77,Viki Shi,2025-04-28,23:17:48,-07:00,2025-04-28T23:17:48-07:00,0,0
style.css,26,css,7533cf77,Viki Shi,2025-04-28,23:17:48,-07:00,2025-04-28T23:17:48-07:00,0,0
style.css,27,css,7533cf77,Viki Shi,2025-04-28,23:17:48,-07:00,2025-04-28T23:17:48-07:00,0,4
style.css,28,css,7533cf77,Viki Shi,2025-04-28,23:17:48,-07:00,2025-04-28T23:17:48-07:00,0,13
style.css,29,css,7533cf77,Viki Shi,2025-04-28,23:17:48,-07:00,2025-04-28T23:17:48-07:00,0,19
style.css,30,css,7533cf77,Viki Shi,2025-04-28,23:17:48,-07:00,2025-04-28T23:17:48-07:00,0,40
style.css,31,css,7533cf77,Viki Shi,2025-04-28,23:17:48,-07:00,2025-04-28T23:17:48-07:00,0,44
style.css,32,css,7533cf77,Viki Shi,2025-04-28,23:17:48,-07:00,2025-04-28T23:17:48-07:00,0,0
style.css,33,css,7533cf77,Viki Shi,2025-04-28,23:17:48,-07:00,2025-04-28T23:17:48-07:00,0,0
style.css,34,css,7533cf77,Viki Shi,2025-04-28,23:17:48,-07:00,2025-04-28T23:17:48-07:00,0,6
style.css,35,css,7533cf77,Viki Shi,2025-04-28,23:17:48,-07:00,2025-04-28T23:17:48-07:00,0,7
style.css,36,css,7533cf77,Viki Shi,2025-04-28,23:17:48,-07:00,2025-04-28T23:17:48-07:00,0,21
style.css,37,css,7533cf77,Viki Shi,2025-04-28,23:17:48,-07:00,2025-04-28T23:17:48-07:00,0,14
style.css,38,css,7533cf77,Viki Shi,2025-04-28,23:17:48,-07:00,2025-04-28T23:17:48-07:00,0,18
style.css,39,css,7533cf77,Viki Shi,2025-04-28,23:17:48,-07:00,2025-04-28T23:17:48-07:00,0,14
style.css,40,css,7533cf77,Viki Shi,2025-04-28,23:17:48,-07:00,2025-04-28T23:17:48-07:00,0,0
style.css,41,css,7533cf77,Viki Shi,2025-04-28,23:17:48,-07:00,2025-04-28T23:17:48-07:00,0,0
style.css,42,css,7533cf77,Viki Shi,2025-04-28,23:17:48,-07:00,2025-04-28T23:17:48-07:00,0,14
style.css,43,css,7533cf77,Viki Shi,2025-04-28,23:17:48,-07:00,2025-04-28T23:17:48-07:00,0,46
style.css,44,css,7533cf77,Viki Shi,2025-04-28,23:17:48,-07:00,2025-04-28T23:17:48-07:00,0,21
style.css,45,css,7533cf77,Viki Shi,2025-04-28,23:17:48,-07:00,2025-04-28T23:17:48-07:00,0,0
style.css,46,css,7533cf77,Viki Shi,2025-04-28,23:17:48,-07:00,2025-04-28T23:17:48-07:00,0,0
style.css,47,css,7533cf77,Viki Shi,2025-04-28,23:17:48,-07:00,2025-04-28T23:17:48-07:00,0,12
style.css,48,css,7533cf77,Viki Shi,2025-04-28,23:17:48,-07:00,2025-04-28T23:17:48-07:00,0,46
style.css,49,css,7533cf77,Viki Shi,2025-04-28,23:17:48,-07:00,2025-04-28T23:17:48-07:00,0,21
style.css,50,css,7533cf77,Viki Shi,2025-04-28,23:17:48,-07:00,2025-04-28T23:17:48-07:00,0,70
style.css,51,css,7533cf77,Viki Shi,2025-04-28,23:17:48,-07:00,2025-04-28T23:17:48-07:00,0,0
style.css,52,css,7533cf77,Viki Shi,2025-04-28,23:17:48,-07:00,2025-04-28T23:17:48-07:00,0,0
style.css,53,css,7533cf77,Viki Shi,2025-04-28,23:17:48,-07:00,2025-04-28T23:17:48-07:00,0,5
style.css,54,css,7533cf77,Viki Shi,2025-04-28,23:17:48,-07:00,2025-04-28T23:17:48-07:00,0,13
style.css,55,css,7533cf77,Viki Shi,2025-04-28,23:17:48,-07:00,2025-04-28T23:17:48-07:00,0,31
style.css,56,css,7533cf77,Viki Shi,2025-04-28,23:17:48,-07:00,2025-04-28T23:17:48-07:00,0,10
style.css,57,css,7533cf77,Viki Shi,2025-04-28,23:17:48,-07:00,2025-04-28T23:17:48-07:00,0,16
style.css,58,css,7533cf77,Viki Shi,2025-04-28,23:17:48,-07:00,2025-04-28T23:17:48-07:00,0,19
style.css,59,css,7533cf77,Viki Shi,2025-04-28,23:17:48,-07:00,2025-04-28T23:17:48-07:00,0,18
style.css,60,css,7533cf77,Viki Shi,2025-04-28,23:17:48,-07:00,2025-04-28T23:17:48-07:00,0,0
style.css,61,css,7533cf77,Viki Shi,2025-04-28,23:17:48,-07:00,2025-04-28T23:17:48-07:00,0,0
style.css,62,css,7533cf77,Viki Shi,2025-04-28,23:17:48,-07:00,2025-04-28T23:17:48-07:00,0,6
style.css,63,css,7533cf77,Viki Shi,2025-04-28,23:17:48,-07:00,2025-04-28T23:17:48-07:00,0,13
style.css,64,css,7533cf77,Viki Shi,2025-04-28,23:17:48,-07:00,2025-04-28T23:17:48-07:00,0,30
style.css,65,css,7533cf77,Viki Shi,2025-04-28,23:17:48,-07:00,2025-04-28T23:17:48-07:00,0,0
style.css,66,css,7533cf77,Viki Shi,2025-04-28,23:17:48,-07:00,2025-04-28T23:17:48-07:00,0,0
style.css,67,css,843f0916,Viki Shi,2025-04-28,23:57:31,-07:00,2025-04-28T23:57:31-07:00,0,14
style.css,68,css,7533cf77,Viki Shi,2025-04-28,23:17:48,-07:00,2025-04-28T23:17:48-07:00,0,19
style.css,69,css,7533cf77,Viki Shi,2025-04-28,23:17:48,-07:00,2025-04-28T23:17:48-07:00,0,0
style.css,70,css,7533cf77,Viki Shi,2025-04-28,23:17:48,-07:00,2025-04-28T23:17:48-07:00,0,0
style.css,71,css,7533cf77,Viki Shi,2025-04-28,23:17:48,-07:00,2025-04-28T23:17:48-07:00,0,3
style.css,72,css,7533cf77,Viki Shi,2025-04-28,23:17:48,-07:00,2025-04-28T23:17:48-07:00,0,15
style.css,73,css,7533cf77,Viki Shi,2025-04-28,23:17:48,-07:00,2025-04-28T23:17:48-07:00,0,0
style.css,74,css,7533cf77,Viki Shi,2025-04-28,23:17:48,-07:00,2025-04-28T23:17:48-07:00,0,0
style.css,75,css,843f0916,Viki Shi,2025-04-28,23:57:31,-07:00,2025-04-28T23:57:31-07:00,0,19
style.css,76,css,7533cf77,Viki Shi,2025-04-28,23:17:48,-07:00,2025-04-28T23:17:48-07:00,0,16
style.css,77,css,7533cf77,Viki Shi,2025-04-28,23:17:48,-07:00,2025-04-28T23:17:48-07:00,0,18
style.css,78,css,7533cf77,Viki Shi,2025-04-28,23:17:48,-07:00,2025-04-28T23:17:48-07:00,0,15
style.css,79,css,7533cf77,Viki Shi,2025-04-28,23:17:48,-07:00,2025-04-28T23:17:48-07:00,0,0
style.css,80,css,7533cf77,Viki Shi,2025-04-28,23:17:48,-07:00,2025-04-28T23:17:48-07:00,0,0
style.css,81,css,7533cf77,Viki Shi,2025-04-28,23:17:48,-07:00,2025-04-28T23:17:48-07:00,0,6
style.css,82,css,7533cf77,Viki Shi,2025-04-28,23:17:48,-07:00,2025-04-28T23:17:48-07:00,0,18
style.css,83,css,7533cf77,Viki Shi,2025-04-28,23:17:48,-07:00,2025-04-28T23:17:48-07:00,0,0
style.css,84,css,7533cf77,Viki Shi,2025-04-28,23:17:48,-07:00,2025-04-28T23:17:48-07:00,0,0
style.css,85,css,7533cf77,Viki Shi,2025-04-28,23:17:48,-07:00,2025-04-28T23:17:48-07:00,0,11
style.css,86,css,7533cf77,Viki Shi,2025-04-28,23:17:48,-07:00,2025-04-28T23:17:48-07:00,0,17
style.css,87,css,7533cf77,Viki Shi,2025-04-28,23:17:48,-07:00,2025-04-28T23:17:48-07:00,0,16
style.css,88,css,7533cf77,Viki Shi,2025-04-28,23:17:48,-07:00,2025-04-28T23:17:48-07:00,0,20
style.css,89,css,7533cf77,Viki Shi,2025-04-28,23:17:48,-07:00,2025-04-28T23:17:48-07:00,0,0
style.css,90,css,7533cf77,Viki Shi,2025-04-28,23:17:48,-07:00,2025-04-28T23:17:48-07:00,0,0
style.css,91,css,7533cf77,Viki Shi,2025-04-28,23:17:48,-07:00,2025-04-28T23:17:48-07:00,0,10
style.css,92,css,7533cf77,Viki Shi,2025-04-28,23:17:48,-07:00,2025-04-28T23:17:48-07:00,0,18
style.css,93,css,7533cf77,Viki Shi,2025-04-28,23:17:48,-07:00,2025-04-28T23:17:48-07:00,0,15
style.css,94,css,7533cf77,Viki Shi,2025-04-28,23:17:48,-07:00,2025-04-28T23:17:48-07:00,0,0
style.css,95,css,7533cf77,Viki Shi,2025-04-28,23:17:48,-07:00,2025-04-28T23:17:48-07:00,0,0
style.css,96,css,7533cf77,Viki Shi,2025-04-28,23:17:48,-07:00,2025-04-28T23:17:48-07:00,0,28
style.css,97,css,7533cf77,Viki Shi,2025-04-28,23:17:48,-07:00,2025-04-28T23:17:48-07:00,0,15
style.css,98,css,7533cf77,Viki Shi,2025-04-28,23:17:48,-07:00,2025-04-28T23:17:48-07:00,0,16
style.css,99,css,7533cf77,Viki Shi,2025-04-28,23:17:48,-07:00,2025-04-28T23:17:48-07:00,0,19
style.css,100,css,7533cf77,Viki Shi,2025-04-28,23:17:48,-07:00,2025-04-28T23:17:48-07:00,0,0
style.css,101,css,7533cf77,Viki Shi,2025-04-28,23:17:48,-07:00,2025-04-28T23:17:48-07:00,0,0
style.css,102,css,7533cf77,Viki Shi,2025-04-28,23:17:48,-07:00,2025-04-28T23:17:48-07:00,0,16
style.css,103,css,7533cf77,Viki Shi,2025-04-28,23:17:48,-07:00,2025-04-28T23:17:48-07:00,0,18
style.css,104,css,7533cf77,Viki Shi,2025-04-28,23:17:48,-07:00,2025-04-28T23:17:48-07:00,0,18
style.css,105,css,7533cf77,Viki Shi,2025-04-28,23:17:48,-07:00,2025-04-28T23:17:48-07:00,0,0
style.css,106,css,7533cf77,Viki Shi,2025-04-28,23:17:48,-07:00,2025-04-28T23:17:48-07:00,0,0
style.css,107,css,7533cf77,Viki Shi,2025-04-28,23:17:48,-07:00,2025-04-28T23:17:48-07:00,0,14
style.css,108,css,7533cf77,Viki Shi,2025-04-28,23:17:48,-07:00,2025-04-28T23:17:48-07:00,0,17
style.css,109,css,7533cf77,Viki Shi,2025-04-28,23:17:48,-07:00,2025-04-28T23:17:48-07:00,0,17
style.css,110,css,7533cf77,Viki Shi,2025-04-28,23:17:48,-07:00,2025-04-28T23:17:48-07:00,0,16
style.css,111,css,7533cf77,Viki Shi,2025-04-28,23:17:48,-07:00,2025-04-28T23:17:48-07:00,0,0
style.css,112,css,7533cf77,Viki Shi,2025-04-28,23:17:48,-07:00,2025-04-28T23:17:48-07:00,0,0
style.css,113,css,7533cf77,Viki Shi,2025-04-28,23:17:48,-07:00,2025-04-28T23:17:48-07:00,0,14
style.css,114,css,7533cf77,Viki Shi,2025-04-28,23:17:48,-07:00,2025-04-28T23:17:48-07:00,0,13
style.css,115,css,7533cf77,Viki Shi,2025-04-28,23:17:48,-07:00,2025-04-28T23:17:48-07:00,0,18
style.css,116,css,7533cf77,Viki Shi,2025-04-28,23:17:48,-07:00,2025-04-28T23:17:48-07:00,0,11
style.css,117,css,7533cf77,Viki Shi,2025-04-28,23:17:48,-07:00,2025-04-28T23:17:48-07:00,0,18
style.css,118,css,7533cf77,Viki Shi,2025-04-28,23:17:48,-07:00,2025-04-28T23:17:48-07:00,0,23
style.css,119,css,7533cf77,Viki Shi,2025-04-28,23:17:48,-07:00,2025-04-28T23:17:48-07:00,0,14
style.css,120,css,7533cf77,Viki Shi,2025-04-28,23:17:48,-07:00,2025-04-28T23:17:48-07:00,0,0
style.css,121,css,7533cf77,Viki Shi,2025-04-28,23:17:48,-07:00,2025-04-28T23:17:48-07:00,0,0
style.css,122,css,7533cf77,Viki Shi,2025-04-28,23:17:48,-07:00,2025-04-28T23:17:48-07:00,0,20
style.css,123,css,7533cf77,Viki Shi,2025-04-28,23:17:48,-07:00,2025-04-28T23:17:48-07:00,0,18
style.css,124,css,7533cf77,Viki Shi,2025-04-28,23:17:48,-07:00,2025-04-28T23:17:48-07:00,0,11
style.css,125,css,7533cf77,Viki Shi,2025-04-28,23:17:48,-07:00,2025-04-28T23:17:48-07:00,0,22
style.css,126,css,7533cf77,Viki Shi,2025-04-28,23:17:48,-07:00,2025-04-28T23:17:48-07:00,0,0
style.css,127,css,7533cf77,Viki Shi,2025-04-28,23:17:48,-07:00,2025-04-28T23:17:48-07:00,0,0
style.css,128,css,7533cf77,Viki Shi,2025-04-28,23:17:48,-07:00,2025-04-28T23:17:48-07:00,0,11
style.css,129,css,7533cf77,Viki Shi,2025-04-28,23:17:48,-07:00,2025-04-28T23:17:48-07:00,0,23
style.css,130,css,7533cf77,Viki Shi,2025-04-28,23:17:48,-07:00,2025-04-28T23:17:48-07:00,0,10
style.css,131,css,7533cf77,Viki Shi,2025-04-28,23:17:48,-07:00,2025-04-28T23:17:48-07:00,0,21
style.css,132,css,7533cf77,Viki Shi,2025-04-28,23:17:48,-07:00,2025-04-28T23:17:48-07:00,0,0
style.css,133,css,7533cf77,Viki Shi,2025-04-28,23:17:48,-07:00,2025-04-28T23:17:48-07:00,0,0
style.css,134,css,7533cf77,Viki Shi,2025-04-28,23:17:48,-07:00,2025-04-28T23:17:48-07:00,0,14
style.css,135,css,7533cf77,Viki Shi,2025-04-28,23:17:48,-07:00,2025-04-28T23:17:48-07:00,0,20
style.css,136,css,7533cf77,Viki Shi,2025-04-28,23:17:48,-07:00,2025-04-28T23:17:48-07:00,0,16
style.css,137,css,7533cf77,Viki Shi,2025-04-28,23:17:48,-07:00,2025-04-28T23:17:48-07:00,0,0
style.css,138,css,7533cf77,Viki Shi,2025-04-28,23:17:48,-07:00,2025-04-28T23:17:48-07:00,0,0
style.css,139,css,7533cf77,Viki Shi,2025-04-28,23:17:48,-07:00,2025-04-28T23:17:48-07:00,0,19
style.css,140,css,7533cf77,Viki Shi,2025-04-28,23:17:48,-07:00,2025-04-28T23:17:48-07:00,0,17
style.css,141,css,7533cf77,Viki Shi,2025-04-28,23:17:48,-07:00,2025-04-28T23:17:48-07:00,0,0
style.css,142,css,7533cf77,Viki Shi,2025-04-28,23:17:48,-07:00,2025-04-28T23:17:48-07:00,0,0
style.css,143,css,7533cf77,Viki Shi,2025-04-28,23:17:48,-07:00,2025-04-28T23:17:48-07:00,0,15
style.css,144,css,7533cf77,Viki Shi,2025-04-28,23:17:48,-07:00,2025-04-28T23:17:48-07:00,0,16
style.css,145,css,7533cf77,Viki Shi,2025-04-28,23:17:48,-07:00,2025-04-28T23:17:48-07:00,0,16
style.css,146,css,7533cf77,Viki Shi,2025-04-28,23:17:48,-07:00,2025-04-28T23:17:48-07:00,0,23
style.css,147,css,7533cf77,Viki Shi,2025-04-28,23:17:48,-07:00,2025-04-28T23:17:48-07:00,0,0
style.css,148,css,7533cf77,Viki Shi,2025-04-28,23:17:48,-07:00,2025-04-28T23:17:48-07:00,0,0
style.css,149,css,7533cf77,Viki Shi,2025-04-28,23:17:48,-07:00,2025-04-28T23:17:48-07:00,0,18
style.css,150,css,7533cf77,Viki Shi,2025-04-28,23:17:48,-07:00,2025-04-28T23:17:48-07:00,0,21
style.css,151,css,7533cf77,Viki Shi,2025-04-28,23:17:48,-07:00,2025-04-28T23:17:48-07:00,0,0
style.css,152,css,7533cf77,Viki Shi,2025-04-28,23:17:48,-07:00,2025-04-28T23:17:48-07:00,0,0
style.css,153,css,7533cf77,Viki Shi,2025-04-28,23:17:48,-07:00,2025-04-28T23:17:48-07:00,0,18
style.css,154,css,7533cf77,Viki Shi,2025-04-28,23:17:48,-07:00,2025-04-28T23:17:48-07:00,0,13
style.css,155,css,7533cf77,Viki Shi,2025-04-28,23:17:48,-07:00,2025-04-28T23:17:48-07:00,0,38
style.css,156,css,7533cf77,Viki Shi,2025-04-28,23:17:48,-07:00,2025-04-28T23:17:48-07:00,0,16
style.css,157,css,7533cf77,Viki Shi,2025-04-28,23:17:48,-07:00,2025-04-28T23:17:48-07:00,0,0
style.css,158,css,7533cf77,Viki Shi,2025-04-28,23:17:48,-07:00,2025-04-28T23:17:48-07:00,0,0
style.css,159,css,7533cf77,Viki Shi,2025-04-28,23:17:48,-07:00,2025-04-28T23:17:48-07:00,0,18
style.css,160,css,7533cf77,Viki Shi,2025-04-28,23:17:48,-07:00,2025-04-28T23:17:48-07:00,0,17
style.css,161,css,7533cf77,Viki Shi,2025-04-28,23:17:48,-07:00,2025-04-28T23:17:48-07:00,0,25
style.css,162,css,7533cf77,Viki Shi,2025-04-28,23:17:48,-07:00,2025-04-28T23:17:48-07:00,0,18
style.css,163,css,7533cf77,Viki Shi,2025-04-28,23:17:48,-07:00,2025-04-28T23:17:48-07:00,0,11
style.css,164,css,7533cf77,Viki Shi,2025-04-28,23:17:48,-07:00,2025-04-28T23:17:48-07:00,0,0
style.css,165,css,7533cf77,Viki Shi,2025-04-28,23:17:48,-07:00,2025-04-28T23:17:48-07:00,0,0
style.css,166,css,7533cf77,Viki Shi,2025-04-28,23:17:48,-07:00,2025-04-28T23:17:48-07:00,0,18
style.css,167,css,7533cf77,Viki Shi,2025-04-28,23:17:48,-07:00,2025-04-28T23:17:48-07:00,0,9
style.css,168,css,7533cf77,Viki Shi,2025-04-28,23:17:48,-07:00,2025-04-28T23:17:48-07:00,0,15
style.css,169,css,7533cf77,Viki Shi,2025-04-28,23:17:48,-07:00,2025-04-28T23:17:48-07:00,0,0
style.css,170,css,7533cf77,Viki Shi,2025-04-28,23:17:48,-07:00,2025-04-28T23:17:48-07:00,0,0
style.css,171,css,c8e2224b,Viki Shi,2025-04-29,01:57:31,-07:00,2025-04-29T01:57:31-07:00,0,20
style.css,172,css,7533cf77,Viki Shi,2025-04-28,23:17:48,-07:00,2025-04-28T23:17:48-07:00,0,10
style.css,173,css,7533cf77,Viki Shi,2025-04-28,23:17:48,-07:00,2025-04-28T23:17:48-07:00,0,13
style.css,174,css,7533cf77,Viki Shi,2025-04-28,23:17:48,-07:00,2025-04-28T23:17:48-07:00,0,22
style.css,175,css,7533cf77,Viki Shi,2025-04-28,23:17:48,-07:00,2025-04-28T23:17:48-07:00,0,19
style.css,176,css,7533cf77,Viki Shi,2025-04-28,23:17:48,-07:00,2025-04-28T23:17:48-07:00,0,11
style.css,177,css,7533cf77,Viki Shi,2025-04-28,23:17:48,-07:00,2025-04-28T23:17:48-07:00,0,8
style.css,178,css,7533cf77,Viki Shi,2025-04-28,23:17:48,-07:00,2025-04-28T23:17:48-07:00,0,0
style.css,179,css,7533cf77,Viki Shi,2025-04-28,23:17:48,-07:00,2025-04-28T23:17:48-07:00,0,0
style.css,180,css,202d2e28,Viki Shi,2025-04-28,23:15:58,-07:00,2025-04-28T23:15:58-07:00,0,15
style.css,181,css,6bb6acb2,Viki Shi,2025-04-13,14:04:22,-07:00,2025-04-13T14:04:22-07:00,0,13
style.css,182,css,202d2e28,Viki Shi,2025-04-28,23:15:58,-07:00,2025-04-28T23:15:58-07:00,0,15
style.css,183,css,202d2e28,Viki Shi,2025-04-28,23:15:58,-07:00,2025-04-28T23:15:58-07:00,0,23
style.css,184,css,202d2e28,Viki Shi,2025-04-28,23:15:58,-07:00,2025-04-28T23:15:58-07:00,0,23
style.css,185,css,202d2e28,Viki Shi,2025-04-28,23:15:58,-07:00,2025-04-28T23:15:58-07:00,0,9
style.css,186,css,202d2e28,Viki Shi,2025-04-28,23:15:58,-07:00,2025-04-28T23:15:58-07:00,0,17
style.css,187,css,202d2e28,Viki Shi,2025-04-28,23:15:58,-07:00,2025-04-28T23:15:58-07:00,0,16
style.css,188,css,f58c4d9e,Viki Shi,2025-04-08,04:31:32,-07:00,2025-04-08T04:31:32-07:00,0,0
style.css,189,css,6bb6acb2,Viki Shi,2025-04-13,14:04:22,-07:00,2025-04-13T14:04:22-07:00,0,0
style.css,190,css,202d2e28,Viki Shi,2025-04-28,23:15:58,-07:00,2025-04-28T23:15:58-07:00,0,15
style.css,191,css,202d2e28,Viki Shi,2025-04-28,23:15:58,-07:00,2025-04-28T23:15:58-07:00,0,16
style.css,192,css,202d2e28,Viki Shi,2025-04-28,23:15:58,-07:00,2025-04-28T23:15:58-07:00,0,11
style.css,193,css,202d2e28,Viki Shi,2025-04-28,23:15:58,-07:00,2025-04-28T23:15:58-07:00,0,15
style.css,194,css,202d2e28,Viki Shi,2025-04-28,23:15:58,-07:00,2025-04-28T23:15:58-07:00,0,17
style.css,195,css,45abda8a,Viki Shi,2025-04-13,14:35:55,-07:00,2025-04-13T14:35:55-07:00,0,0
style.css,196,css,45abda8a,Viki Shi,2025-04-13,14:35:55,-07:00,2025-04-13T14:35:55-07:00,0,0
style.css,197,css,202d2e28,Viki Shi,2025-04-28,23:15:58,-07:00,2025-04-28T23:15:58-07:00,0,8
style.css,198,css,202d2e28,Viki Shi,2025-04-28,23:15:58,-07:00,2025-04-28T23:15:58-07:00,0,7
style.css,199,css,45abda8a,Viki Shi,2025-04-13,14:35:55,-07:00,2025-04-13T14:35:55-07:00,0,13
style.css,200,css,202d2e28,Viki Shi,2025-04-28,23:15:58,-07:00,2025-04-28T23:15:58-07:00,0,58
style.css,201,css,202d2e28,Viki Shi,2025-04-28,23:15:58,-07:00,2025-04-28T23:15:58-07:00,0,8
style.css,202,css,202d2e28,Viki Shi,2025-04-28,23:15:58,-07:00,2025-04-28T23:15:58-07:00,0,16
style.css,203,css,202d2e28,Viki Shi,2025-04-28,23:15:58,-07:00,2025-04-28T23:15:58-07:00,0,12
style.css,204,css,202d2e28,Viki Shi,2025-04-28,23:15:58,-07:00,2025-04-28T23:15:58-07:00,0,22
style.css,205,css,202d2e28,Viki Shi,2025-04-28,23:15:58,-07:00,2025-04-28T23:15:58-07:00,0,16
style.css,206,css,202d2e28,Viki Shi,2025-04-28,23:15:58,-07:00,2025-04-28T23:15:58-07:00,0,16
style.css,207,css,45abda8a,Viki Shi,2025-04-13,14:35:55,-07:00,2025-04-13T14:35:55-07:00,0,0
style.css,208,css,45abda8a,Viki Shi,2025-04-13,14:35:55,-07:00,2025-04-13T14:35:55-07:00,0,0
style.css,209,css,202d2e28,Viki Shi,2025-04-28,23:15:58,-07:00,2025-04-28T23:15:58-07:00,0,13
style.css,210,css,202d2e28,Viki Shi,2025-04-28,23:15:58,-07:00,2025-04-28T23:15:58-07:00,0,13
style.css,211,css,202d2e28,Viki Shi,2025-04-28,23:15:58,-07:00,2025-04-28T23:15:58-07:00,0,19
style.css,212,css,202d2e28,Viki Shi,2025-04-28,23:15:58,-07:00,2025-04-28T23:15:58-07:00,0,10
style.css,213,css,45abda8a,Viki Shi,2025-04-13,14:35:55,-07:00,2025-04-13T14:35:55-07:00,0,18
style.css,214,css,45abda8a,Viki Shi,2025-04-13,14:35:55,-07:00,2025-04-13T14:35:55-07:00,0,0
style.css,215,css,9c3cddb8,Viki Shi,2025-04-22,20:59:48,-07:00,2025-04-22T20:59:48-07:00,0,0
style.css,216,css,202d2e28,Viki Shi,2025-04-28,23:15:58,-07:00,2025-04-28T23:15:58-07:00,0,21
style.css,217,css,202d2e28,Viki Shi,2025-04-28,23:15:58,-07:00,2025-04-28T23:15:58-07:00,0,10
style.css,218,css,202d2e28,Viki Shi,2025-04-28,23:15:58,-07:00,2025-04-28T23:15:58-07:00,0,11
style.css,219,css,202d2e28,Viki Shi,2025-04-28,23:15:58,-07:00,2025-04-28T23:15:58-07:00,0,30
style.css,220,css,202d2e28,Viki Shi,2025-04-28,23:15:58,-07:00,2025-04-28T23:15:58-07:00,0,15
style.css,221,css,202d2e28,Viki Shi,2025-04-28,23:15:58,-07:00,2025-04-28T23:15:58-07:00,0,18
style.css,222,css,202d2e28,Viki Shi,2025-04-28,23:15:58,-07:00,2025-04-28T23:15:58-07:00,0,21
style.css,223,css,caa5a42d,Viki Shi,2025-04-28,22:32:44,-07:00,2025-04-28T22:32:44-07:00,0,0
style.css,224,css,caa5a42d,Viki Shi,2025-04-28,22:32:44,-07:00,2025-04-28T22:32:44-07:00,0,0
style.css,225,css,3ff59970,Viki Shi,2025-04-29,00:22:37,-07:00,2025-04-29T00:22:37-07:00,0,15
style.css,226,css,3ff59970,Viki Shi,2025-04-29,00:22:37,-07:00,2025-04-29T00:22:37-07:00,0,11
style.css,227,css,3ff59970,Viki Shi,2025-04-29,00:22:37,-07:00,2025-04-29T00:22:37-07:00,0,17
style.css,228,css,3ff59970,Viki Shi,2025-04-29,00:22:37,-07:00,2025-04-29T00:22:37-07:00,0,13
style.css,229,css,3ff59970,Viki Shi,2025-04-29,00:22:37,-07:00,2025-04-29T00:22:37-07:00,0,37
style.css,230,css,3ff59970,Viki Shi,2025-04-29,00:22:37,-07:00,2025-04-29T00:22:37-07:00,0,8
style.css,231,css,3ff59970,Viki Shi,2025-04-29,00:22:37,-07:00,2025-04-29T00:22:37-07:00,0,12
style.css,232,css,3ff59970,Viki Shi,2025-04-29,00:22:37,-07:00,2025-04-29T00:22:37-07:00,0,22
style.css,233,css,3ff59970,Viki Shi,2025-04-29,00:22:37,-07:00,2025-04-29T00:22:37-07:00,0,0
style.css,234,css,3ff59970,Viki Shi,2025-04-29,00:22:37,-07:00,2025-04-29T00:22:37-07:00,0,0
style.css,235,css,3ff59970,Viki Shi,2025-04-29,00:22:37,-07:00,2025-04-29T00:22:37-07:00,0,23
style.css,236,css,3ff59970,Viki Shi,2025-04-29,00:22:37,-07:00,2025-04-29T00:22:37-07:00,0,17
style.css,237,css,3ff59970,Viki Shi,2025-04-29,00:22:37,-07:00,2025-04-29T00:22:37-07:00,0,13
style.css,238,css,3ff59970,Viki Shi,2025-04-29,00:22:37,-07:00,2025-04-29T00:22:37-07:00,0,18
style.css,239,css,3ff59970,Viki Shi,2025-04-29,00:22:37,-07:00,2025-04-29T00:22:37-07:00,0,13
style.css,240,css,3ff59970,Viki Shi,2025-04-29,00:22:37,-07:00,2025-04-29T00:22:37-07:00,0,22
style.css,241,css,3ff59970,Viki Shi,2025-04-29,00:22:37,-07:00,2025-04-29T00:22:37-07:00,0,19
style.css,242,css,3ff59970,Viki Shi,2025-04-29,00:22:37,-07:00,2025-04-29T00:22:37-07:00,0,0
style.css,243,css,3ff59970,Viki Shi,2025-04-29,00:22:37,-07:00,2025-04-29T00:22:37-07:00,0,0
style.css,244,css,caa5a42d,Viki Shi,2025-04-28,22:32:44,-07:00,2025-04-28T22:32:44-07:00,0,27
style.css,245,css,d0f9438f,Viki Shi,2025-04-29,01:41:28,-07:00,2025-04-29T01:41:28-07:00,0,15
style.css,246,css,d0f9438f,Viki Shi,2025-04-29,01:41:28,-07:00,2025-04-29T01:41:28-07:00,0,12
style.css,247,css,c8e2224b,Viki Shi,2025-04-29,01:57:31,-07:00,2025-04-29T01:57:31-07:00,0,17
style.css,248,css,c8e2224b,Viki Shi,2025-04-29,01:57:31,-07:00,2025-04-29T01:57:31-07:00,0,19
style.css,249,css,3bd029c7,Viki Shi,2025-04-22,21:34:58,-07:00,2025-04-22T21:34:58-07:00,0,18
style.css,250,css,3bd029c7,Viki Shi,2025-04-22,21:34:58,-07:00,2025-04-22T21:34:58-07:00,0,22
style.css,251,css,3bd029c7,Viki Shi,2025-04-22,21:34:58,-07:00,2025-04-22T21:34:58-07:00,0,0
style.css,252,css,3ff59970,Viki Shi,2025-04-29,00:22:37,-07:00,2025-04-29T00:22:37-07:00,0,0
style.css,253,css,3ff59970,Viki Shi,2025-04-29,00:22:37,-07:00,2025-04-29T00:22:37-07:00,0,17
style.css,254,css,3ff59970,Viki Shi,2025-04-29,00:22:37,-07:00,2025-04-29T00:22:37-07:00,0,18
style.css,255,css,3ff59970,Viki Shi,2025-04-29,00:22:37,-07:00,2025-04-29T00:22:37-07:00,0,17
style.css,256,css,3ff59970,Viki Shi,2025-04-29,00:22:37,-07:00,2025-04-29T00:22:37-07:00,0,21
style.css,257,css,3ff59970,Viki Shi,2025-04-29,00:22:37,-07:00,2025-04-29T00:22:37-07:00,0,0
style.css,258,css,3ff59970,Viki Shi,2025-04-29,00:22:37,-07:00,2025-04-29T00:22:37-07:00,0,0
style.css,259,css,3ff59970,Viki Shi,2025-04-29,00:22:37,-07:00,2025-04-29T00:22:37-07:00,0,17
style.css,260,css,3ff59970,Viki Shi,2025-04-29,00:22:37,-07:00,2025-04-29T00:22:37-07:00,0,18
style.css,261,css,3ff59970,Viki Shi,2025-04-29,00:22:37,-07:00,2025-04-29T00:22:37-07:00,0,16
style.css,262,css,fbd8f86d,Viki Shi,2025-04-29,00:13:25,-07:00,2025-04-29T00:13:25-07:00,0,0
style.css,263,css,3bd029c7,Viki Shi,2025-04-22,21:34:58,-07:00,2025-04-22T21:34:58-07:00,0,0
style.css,264,css,bb4d1e45,Viki Shi,2025-04-28,23:47:03,-07:00,2025-04-28T23:47:03-07:00,0,12
style.css,265,css,37c12eca,Viki Shi,2025-04-28,23:43:38,-07:00,2025-04-28T23:43:38-07:00,0,11
style.css,266,css,bb4d1e45,Viki Shi,2025-04-28,23:47:03,-07:00,2025-04-28T23:47:03-07:00,0,16
style.css,267,css,bb4d1e45,Viki Shi,2025-04-28,23:47:03,-07:00,2025-04-28T23:47:03-07:00,0,17
style.css,268,css,bb4d1e45,Viki Shi,2025-04-28,23:47:03,-07:00,2025-04-28T23:47:03-07:00,0,21
style.css,269,css,bb4d1e45,Viki Shi,2025-04-28,23:47:03,-07:00,2025-04-28T23:47:03-07:00,0,22
style.css,270,css,bb4d1e45,Viki Shi,2025-04-28,23:47:03,-07:00,2025-04-28T23:47:03-07:00,0,14
style.css,271,css,bb4d1e45,Viki Shi,2025-04-28,23:47:03,-07:00,2025-04-28T23:47:03-07:00,0,22
style.css,272,css,bb4d1e45,Viki Shi,2025-04-28,23:47:03,-07:00,2025-04-28T23:47:03-07:00,0,18
style.css,273,css,bb4d1e45,Viki Shi,2025-04-28,23:47:03,-07:00,2025-04-28T23:47:03-07:00,0,20
style.css,274,css,37c12eca,Viki Shi,2025-04-28,23:43:38,-07:00,2025-04-28T23:43:38-07:00,0,0
style.css,275,css,843f0916,Viki Shi,2025-04-28,23:57:31,-07:00,2025-04-28T23:57:31-07:00,0,0
style.css,276,css,c8e2224b,Viki Shi,2025-04-29,01:57:31,-07:00,2025-04-29T01:57:31-07:00,0,27
style.css,277,css,843f0916,Viki Shi,2025-04-28,23:57:31,-07:00,2025-04-28T23:57:31-07:00,0,37
style.css,278,css,843f0916,Viki Shi,2025-04-28,23:57:31,-07:00,2025-04-28T23:57:31-07:00,0,12
style.css,279,css,843f0916,Viki Shi,2025-04-28,23:57:31,-07:00,2025-04-28T23:57:31-07:00,0,0
style.css,280,css,843f0916,Viki Shi,2025-04-28,23:57:31,-07:00,2025-04-28T23:57:31-07:00,0,0
style.css,281,css,843f0916,Viki Shi,2025-04-28,23:57:31,-07:00,2025-04-28T23:57:31-07:00,0,5
style.css,282,css,843f0916,Viki Shi,2025-04-28,23:57:31,-07:00,2025-04-28T23:57:31-07:00,0,17
style.css,283,css,843f0916,Viki Shi,2025-04-28,23:57:31,-07:00,2025-04-28T23:57:31-07:00,0,15
style.css,284,css,843f0916,Viki Shi,2025-04-28,23:57:31,-07:00,2025-04-28T23:57:31-07:00,0,0
style.css,285,css,843f0916,Viki Shi,2025-04-28,23:57:31,-07:00,2025-04-28T23:57:31-07:00,0,0
style.css,286,css,edfca70e,Viki Shi,2025-04-29,02:01:16,-07:00,2025-04-29T02:01:16-07:00,0,14
style.css,287,css,edfca70e,Viki Shi,2025-04-29,02:01:16,-07:00,2025-04-29T02:01:16-07:00,0,13
style.css,288,css,edfca70e,Viki Shi,2025-04-29,02:01:16,-07:00,2025-04-29T02:01:16-07:00,0,15
style.css,289,css,edfca70e,Viki Shi,2025-04-29,02:01:16,-07:00,2025-04-29T02:01:16-07:00,0,10
style.css,290,css,843f0916,Viki Shi,2025-04-28,23:57:31,-07:00,2025-04-28T23:57:31-07:00,0,0
style.css,291,css,843f0916,Viki Shi,2025-04-28,23:57:31,-07:00,2025-04-28T23:57:31-07:00,0,0
style.css,292,css,a06fdbaa,Viki Shi,2025-04-29,10:55:19,-07:00,2025-04-29T10:55:19-07:00,0,15
style.css,293,css,a06fdbaa,Viki Shi,2025-04-29,10:55:19,-07:00,2025-04-29T10:55:19-07:00,0,13
style.css,294,css,a06fdbaa,Viki Shi,2025-04-29,10:55:19,-07:00,2025-04-29T10:55:19-07:00,0,59
style.css,295,css,a06fdbaa,Viki Shi,2025-04-29,10:55:19,-07:00,2025-04-29T10:55:19-07:00,0,9
style.css,296,css,a06fdbaa,Viki Shi,2025-04-29,10:55:19,-07:00,2025-04-29T10:55:19-07:00,0,15
style.css,297,css,68ea8c08,Viki Shi,2025-04-29,10:48:19,-07:00,2025-04-29T10:48:19-07:00,0,0
style.css,298,css,68ea8c08,Viki Shi,2025-04-29,10:48:19,-07:00,2025-04-29T10:48:19-07:00,0,0
style.css,299,css,68ea8c08,Viki Shi,2025-04-29,10:48:19,-07:00,2025-04-29T10:48:19-07:00,0,23
style.css,300,css,68ea8c08,Viki Shi,2025-04-29,10:48:19,-07:00,2025-04-29T10:48:19-07:00,0,13
style.css,301,css,68ea8c08,Viki Shi,2025-04-29,10:48:19,-07:00,2025-04-29T10:48:19-07:00,0,22
style.css,302,css,a06fdbaa,Viki Shi,2025-04-29,10:55:19,-07:00,2025-04-29T10:55:19-07:00,0,22
style.css,303,css,a06fdbaa,Viki Shi,2025-04-29,10:55:19,-07:00,2025-04-29T10:55:19-07:00,0,17
style.css,304,css,68ea8c08,Viki Shi,2025-04-29,10:48:19,-07:00,2025-04-29T10:48:19-07:00,0,22
style.css,305,css,68ea8c08,Viki Shi,2025-04-29,10:48:19,-07:00,2025-04-29T10:48:19-07:00,0,18
style.css,306,css,a06fdbaa,Viki Shi,2025-04-29,10:55:19,-07:00,2025-04-29T10:55:19-07:00,0,13
style.css,307,css,a06fdbaa,Viki Shi,2025-04-29,10:55:19,-07:00,2025-04-29T10:55:19-07:00,0,12
style.css,308,css,a06fdbaa,Viki Shi,2025-04-29,10:55:19,-07:00,2025-04-29T10:55:19-07:00,0,0
style.css,309,css,a06fdbaa,Viki Shi,2025-04-29,10:55:19,-07:00,2025-04-29T10:55:19-07:00,0,0
style.css,310,css,a06fdbaa,Viki Shi,2025-04-29,10:55:19,-07:00,2025-04-29T10:55:19-07:00,0,27
style.css,311,css,a06fdbaa,Viki Shi,2025-04-29,10:55:19,-07:00,2025-04-29T10:55:19-07:00,0,11
style.css,312,css,e6b6fb00,Viki Shi,2025-04-29,10:59:12,-07:00,2025-04-29T10:59:12-07:00,0,13
style.css,313,css,e6b6fb00,Viki Shi,2025-04-29,10:59:12,-07:00,2025-04-29T10:59:12-07:00,0,17
style.css,314,css,a06fdbaa,Viki Shi,2025-04-29,10:55:19,-07:00,2025-04-29T10:55:19-07:00,0,18
style.css,315,css,e6b6fb00,Viki Shi,2025-04-29,10:59:12,-07:00,2025-04-29T10:59:12-07:00,0,14
style.css,316,css,a06fdbaa,Viki Shi,2025-04-29,10:55:19,-07:00,2025-04-29T10:55:19-07:00,0,0
index.js,1,js,9c3cddb8,Viki Shi,2025-04-22,20:59:48,-07:00,2025-04-22T20:59:48-07:00,0,72
index.js,2,js,84e92f5d,Viki Shi,2025-04-22,19:58:35,-07:00,2025-04-22T19:58:35-07:00,0,0
index.js,3,js,84e92f5d,Viki Shi,2025-04-22,19:58:35,-07:00,2025-04-22T19:58:35-07:00,0,58
index.js,4,js,9c3cddb8,Viki Shi,2025-04-22,20:59:48,-07:00,2025-04-22T20:59:48-07:00,0,55
index.js,5,js,9c3cddb8,Viki Shi,2025-04-22,20:59:48,-07:00,2025-04-22T20:59:48-07:00,0,43
index.js,6,js,9c3cddb8,Viki Shi,2025-04-22,20:59:48,-07:00,2025-04-22T20:59:48-07:00,0,53
index.js,7,js,9c3cddb8,Viki Shi,2025-04-22,20:59:48,-07:00,2025-04-22T20:59:48-07:00,0,47
index.js,8,js,9c3cddb8,Viki Shi,2025-04-22,20:59:48,-07:00,2025-04-22T20:59:48-07:00,0,0
index.js,9,js,9c3cddb8,Viki Shi,2025-04-22,20:59:48,-07:00,2025-04-22T20:59:48-07:00,0,51
index.js,10,js,9c3cddb8,Viki Shi,2025-04-22,20:59:48,-07:00,2025-04-22T20:59:48-07:00,0,61
index.js,11,js,9c3cddb8,Viki Shi,2025-04-22,20:59:48,-07:00,2025-04-22T20:59:48-07:00,0,0
index.js,12,js,9c3cddb8,Viki Shi,2025-04-22,20:59:48,-07:00,2025-04-22T20:59:48-07:00,0,32
index.js,13,js,9c3cddb8,Viki Shi,2025-04-22,20:59:48,-07:00,2025-04-22T20:59:48-07:00,0,25
index.js,14,js,9c3cddb8,Viki Shi,2025-04-22,20:59:48,-07:00,2025-04-22T20:59:48-07:00,0,23
index.js,15,js,9c3cddb8,Viki Shi,2025-04-22,20:59:48,-07:00,2025-04-22T20:59:48-07:00,0,3
index.js,16,js,9c3cddb8,Viki Shi,2025-04-22,20:59:48,-07:00,2025-04-22T20:59:48-07:00,0,56
index.js,17,js,9c3cddb8,Viki Shi,2025-04-22,20:59:48,-07:00,2025-04-22T20:59:48-07:00,0,56
index.js,18,js,9c3cddb8,Viki Shi,2025-04-22,20:59:48,-07:00,2025-04-22T20:59:48-07:00,0,50
index.js,19,js,9c3cddb8,Viki Shi,2025-04-22,20:59:48,-07:00,2025-04-22T20:59:48-07:00,0,50
index.js,20,js,9c3cddb8,Viki Shi,2025-04-22,20:59:48,-07:00,2025-04-22T20:59:48-07:00,0,4
index.js,21,js,9c3cddb8,Viki Shi,2025-04-22,20:59:48,-07:00,2025-04-22T20:59:48-07:00,0,1
index.js,22,js,9c3cddb8,Viki Shi,2025-04-22,20:59:48,-07:00,2025-04-22T20:59:48-07:00,0,0
index.js,23,js,9c3cddb8,Viki Shi,2025-04-22,20:59:48,-07:00,2025-04-22T20:59:48-07:00,0,2
index.html,1,html,f54b2eb2,Viki Shi,2025-04-02,10:50:31,-07:00,2025-04-02T10:50:31-07:00,0,14
index.html,2,html,f54b2eb2,Viki Shi,2025-04-02,10:50:31,-07:00,2025-04-02T10:50:31-07:00,0,15
index.html,3,html,f54b2eb2,Viki Shi,2025-04-02,10:50:31,-07:00,2025-04-02T10:50:31-07:00,0,5
index.html,4,html,023be426,Viki Shi,2025-04-13,13:58:54,-07:00,2025-04-13T13:58:54-07:00,0,23
index.html,5,html,e7632db5,Viki Shi,2025-04-13,14:27:02,-07:00,2025-04-13T14:27:02-07:00,0,70
index.html,6,html,e7632db5,Viki Shi,2025-04-13,14:27:02,-07:00,2025-04-13T14:27:02-07:00,0,51
index.html,7,html,2ed90fc4,Viki Shi,2025-04-13,14:30:58,-07:00,2025-04-13T14:30:58-07:00,0,52
index.html,8,html,f54b2eb2,Viki Shi,2025-04-02,10:50:31,-07:00,2025-04-02T10:50:31-07:00,0,6
index.html,9,html,f54b2eb2,Viki Shi,2025-04-02,10:50:31,-07:00,2025-04-02T10:50:31-07:00,0,5
index.html,10,html,023be426,Viki Shi,2025-04-13,13:58:54,-07:00,2025-04-13T13:58:54-07:00,0,16
index.html,11,html,023be426,Viki Shi,2025-04-13,13:58:54,-07:00,2025-04-13T13:58:54-07:00,0,2
index.html,12,html,023be426,Viki Shi,2025-04-13,13:58:54,-07:00,2025-04-13T13:58:54-07:00,0,80
index.html,13,html,023be426,Viki Shi,2025-04-13,13:58:54,-07:00,2025-04-13T13:58:54-07:00,0,88
index.html,14,html,023be426,Viki Shi,2025-04-13,13:58:54,-07:00,2025-04-13T13:58:54-07:00,0,97
index.html,15,html,023be426,Viki Shi,2025-04-13,13:58:54,-07:00,2025-04-13T13:58:54-07:00,0,63
index.html,16,html,023be426,Viki Shi,2025-04-13,13:58:54,-07:00,2025-04-13T13:58:54-07:00,0,40
index.html,17,html,023be426,Viki Shi,2025-04-13,13:58:54,-07:00,2025-04-13T13:58:54-07:00,0,3
index.html,18,html,9c1e50e8,Viki Shi,2025-04-29,00:38:37,-07:00,2025-04-29T00:38:37-07:00,0,0
index.html,19,html,023be426,Viki Shi,2025-04-13,13:58:54,-07:00,2025-04-13T13:58:54-07:00,0,77
index.html,20,html,f1ca624c,Viki Shi,2025-04-22,19:53:56,-07:00,2025-04-22T19:53:56-07:00,0,0
index.html,21,html,f1ca624c,Viki Shi,2025-04-22,19:53:56,-07:00,2025-04-22T19:53:56-07:00,0,23
index.html,22,html,9c1e50e8,Viki Shi,2025-04-29,00:38:37,-07:00,2025-04-29T00:38:37-07:00,0,0
index.html,23,html,86b74f9f,Viki Shi,2025-04-29,00:33:43,-07:00,2025-04-29T00:33:43-07:00,0,41
index.html,24,html,86b74f9f,Viki Shi,2025-04-29,00:33:43,-07:00,2025-04-29T00:33:43-07:00,0,0
index.html,25,html,9c1e50e8,Viki Shi,2025-04-29,00:38:37,-07:00,2025-04-29T00:38:37-07:00,0,29
index.html,26,html,f1ca624c,Viki Shi,2025-04-22,19:53:56,-07:00,2025-04-22T19:53:56-07:00,0,0
index.html,27,html,9c3cddb8,Viki Shi,2025-04-22,20:59:48,-07:00,2025-04-22T20:59:48-07:00,0,52
index.html,28,html,f1ca624c,Viki Shi,2025-04-22,19:53:56,-07:00,2025-04-22T19:53:56-07:00,0,51
index.html,29,html,f54b2eb2,Viki Shi,2025-04-02,10:50:31,-07:00,2025-04-02T10:50:31-07:00,0,6
index.html,30,html,f1ca624c,Viki Shi,2025-04-22,19:53:56,-07:00,2025-04-22T19:53:56-07:00,0,6
global.js,1,js,4160c29c,Viki Shi,2025-04-13,12:39:19,-07:00,2025-04-13T12:39:19-07:00,0,26
global.js,2,js,d0ec1089,Viki Shi,2025-04-13,12:26:40,-07:00,2025-04-13T12:26:40-07:00,0,0
global.js,3,js,d0ec1089,Viki Shi,2025-04-13,12:26:40,-07:00,2025-04-13T12:26:40-07:00,0,42
global.js,4,js,d0ec1089,Viki Shi,2025-04-13,12:26:40,-07:00,2025-04-13T12:26:40-07:00,0,53
global.js,5,js,4160c29c,Viki Shi,2025-04-13,12:39:19,-07:00,2025-04-13T12:39:19-07:00,0,0
global.js,6,js,4160c29c,Viki Shi,2025-04-13,12:39:19,-07:00,2025-04-13T12:39:19-07:00,0,0
global.js,7,js,17f1566d,Viki Shi,2025-04-13,13:53:39,-07:00,2025-04-13T13:53:39-07:00,0,14
global.js,8,js,17f1566d,Viki Shi,2025-04-13,13:53:39,-07:00,2025-04-13T13:53:39-07:00,0,26
global.js,9,js,17f1566d,Viki Shi,2025-04-13,13:53:39,-07:00,2025-04-13T13:53:39-07:00,0,39
global.js,10,js,17f1566d,Viki Shi,2025-04-13,13:53:39,-07:00,2025-04-13T13:53:39-07:00,0,37
global.js,11,js,17f1566d,Viki Shi,2025-04-13,13:53:39,-07:00,2025-04-13T13:53:39-07:00,0,35
global.js,12,js,6f11e282,Viki Shi,2025-05-08,22:32:36,-07:00,2025-05-08T22:32:36-07:00,0,31
global.js,13,js,17f1566d,Viki Shi,2025-04-13,13:53:39,-07:00,2025-04-13T13:53:39-07:00,0,54
global.js,14,js,17f1566d,Viki Shi,2025-04-13,13:53:39,-07:00,2025-04-13T13:53:39-07:00,0,1
global.js,15,js,4160c29c,Viki Shi,2025-04-13,12:39:19,-07:00,2025-04-13T12:39:19-07:00,0,0
global.js,16,js,6f11e282,Viki Shi,2025-05-08,22:32:36,-07:00,2025-05-08T22:32:36-07:00,0,0
global.js,17,js,546ac414,Viki Shi,2025-04-22,20:16:47,-07:00,2025-04-22T20:16:47-07:00,0,31
global.js,18,js,17f1566d,Viki Shi,2025-04-13,13:53:39,-07:00,2025-04-13T13:53:39-07:00,0,0
global.js,19,js,17f1566d,Viki Shi,2025-04-13,13:53:39,-07:00,2025-04-13T13:53:39-07:00,0,41
global.js,20,js,17f1566d,Viki Shi,2025-04-13,13:53:39,-07:00,2025-04-13T13:53:39-07:00,0,26
global.js,21,js,17f1566d,Viki Shi,2025-04-13,13:53:39,-07:00,2025-04-13T13:53:39-07:00,0,0
global.js,22,js,17f1566d,Viki Shi,2025-04-13,13:53:39,-07:00,2025-04-13T13:53:39-07:00,0,26
global.js,23,js,e7632db5,Viki Shi,2025-04-13,14:27:02,-07:00,2025-04-13T14:27:02-07:00,0,74
global.js,24,js,17f1566d,Viki Shi,2025-04-13,13:53:39,-07:00,2025-04-13T13:53:39-07:00,0,37
global.js,25,js,c60c7d22,Viki Shi,2025-04-13,14:18:18,-07:00,2025-04-13T14:18:18-07:00,0,13
global.js,26,js,17f1566d,Viki Shi,2025-04-13,13:53:39,-07:00,2025-04-13T13:53:39-07:00,0,26
global.js,27,js,17f1566d,Viki Shi,2025-04-13,13:53:39,-07:00,2025-04-13T13:53:39-07:00,0,0
global.js,28,js,1a88de14,Viki Shi,2025-04-22,20:09:49,-07:00,2025-04-22T20:09:49-07:00,0,49
global.js,29,js,17f1566d,Viki Shi,2025-04-13,13:53:39,-07:00,2025-04-13T13:53:39-07:00,0,18
global.js,30,js,17f1566d,Viki Shi,2025-04-13,13:53:39,-07:00,2025-04-13T13:53:39-07:00,0,9
global.js,31,js,c60c7d22,Viki Shi,2025-04-13,14:18:18,-07:00,2025-04-13T14:18:18-07:00,0,76
global.js,32,js,17f1566d,Viki Shi,2025-04-13,13:53:39,-07:00,2025-04-13T13:53:39-07:00,0,1
global.js,33,js,17f1566d,Viki Shi,2025-04-13,13:53:39,-07:00,2025-04-13T13:53:39-07:00,0,0
global.js,34,js,17f1566d,Viki Shi,2025-04-13,13:53:39,-07:00,2025-04-13T13:53:39-07:00,0,53
global.js,35,js,17f1566d,Viki Shi,2025-04-13,13:53:39,-07:00,2025-04-13T13:53:39-07:00,0,13
global.js,36,js,17f1566d,Viki Shi,2025-04-13,13:53:39,-07:00,2025-04-13T13:53:39-07:00,0,0
global.js,37,js,e7d646c3,Viki Shi,2025-04-13,14:01:29,-07:00,2025-04-13T14:01:29-07:00,0,0
global.js,38,js,34bdd642,Viki Shi,2025-04-13,14:09:39,-07:00,2025-04-13T14:09:39-07:00,0,52
global.js,39,js,34bdd642,Viki Shi,2025-04-13,14:09:39,-07:00,2025-04-13T14:09:39-07:00,0,32
global.js,40,js,34bdd642,Viki Shi,2025-04-13,14:09:39,-07:00,2025-04-13T14:09:39-07:00,0,12
global.js,41,js,34bdd642,Viki Shi,2025-04-13,14:09:39,-07:00,2025-04-13T14:09:39-07:00,0,0
global.js,42,js,34bdd642,Viki Shi,2025-04-13,14:09:39,-07:00,2025-04-13T14:09:39-07:00,0,27
global.js,43,js,34bdd642,Viki Shi,2025-04-13,14:09:39,-07:00,2025-04-13T14:09:39-07:00,0,5
global.js,44,js,34bdd642,Viki Shi,2025-04-13,14:09:39,-07:00,2025-04-13T14:09:39-07:00,0,7
global.js,45,js,34bdd642,Viki Shi,2025-04-13,14:09:39,-07:00,2025-04-13T14:09:39-07:00,0,44
global.js,46,js,34bdd642,Viki Shi,2025-04-13,14:09:39,-07:00,2025-04-13T14:09:39-07:00,0,35
global.js,47,js,34bdd642,Viki Shi,2025-04-13,14:09:39,-07:00,2025-04-13T14:09:39-07:00,0,33
global.js,48,js,34bdd642,Viki Shi,2025-04-13,14:09:39,-07:00,2025-04-13T14:09:39-07:00,0,8
global.js,49,js,34bdd642,Viki Shi,2025-04-13,14:09:39,-07:00,2025-04-13T14:09:39-07:00,0,7
global.js,50,js,34bdd642,Viki Shi,2025-04-13,14:09:39,-07:00,2025-04-13T14:09:39-07:00,0,0
global.js,51,js,34bdd642,Viki Shi,2025-04-13,14:09:39,-07:00,2025-04-13T14:09:39-07:00,0,1
global.js,52,js,6bb6acb2,Viki Shi,2025-04-13,14:04:22,-07:00,2025-04-13T14:04:22-07:00,0,0
global.js,53,js,34bdd642,Viki Shi,2025-04-13,14:09:39,-07:00,2025-04-13T14:09:39-07:00,0,61
global.js,54,js,6bb6acb2,Viki Shi,2025-04-13,14:04:22,-07:00,2025-04-13T14:04:22-07:00,0,0
global.js,55,js,34bdd642,Viki Shi,2025-04-13,14:09:39,-07:00,2025-04-13T14:09:39-07:00,0,30
global.js,56,js,34bdd642,Viki Shi,2025-04-13,14:09:39,-07:00,2025-04-13T14:09:39-07:00,0,64
global.js,57,js,34bdd642,Viki Shi,2025-04-13,14:09:39,-07:00,2025-04-13T14:09:39-07:00,0,19
global.js,58,js,34bdd642,Viki Shi,2025-04-13,14:09:39,-07:00,2025-04-13T14:09:39-07:00,0,0
global.js,59,js,6bb6acb2,Viki Shi,2025-04-13,14:04:22,-07:00,2025-04-13T14:04:22-07:00,0,0
global.js,60,js,34bdd642,Viki Shi,2025-04-13,14:09:39,-07:00,2025-04-13T14:09:39-07:00,0,35
global.js,61,js,34bdd642,Viki Shi,2025-04-13,14:09:39,-07:00,2025-04-13T14:09:39-07:00,0,40
global.js,62,js,34bdd642,Viki Shi,2025-04-13,14:09:39,-07:00,2025-04-13T14:09:39-07:00,0,0
global.js,63,js,6bb6acb2,Viki Shi,2025-04-13,14:04:22,-07:00,2025-04-13T14:04:22-07:00,0,0
global.js,64,js,34bdd642,Viki Shi,2025-04-13,14:09:39,-07:00,2025-04-13T14:09:39-07:00,0,44
global.js,65,js,34bdd642,Viki Shi,2025-04-13,14:09:39,-07:00,2025-04-13T14:09:39-07:00,0,31
global.js,66,js,34bdd642,Viki Shi,2025-04-13,14:09:39,-07:00,2025-04-13T14:09:39-07:00,0,31
global.js,67,js,34bdd642,Viki Shi,2025-04-13,14:09:39,-07:00,2025-04-13T14:09:39-07:00,0,20
global.js,68,js,34bdd642,Viki Shi,2025-04-13,14:09:39,-07:00,2025-04-13T14:09:39-07:00,0,2
global.js,69,js,6bb6acb2,Viki Shi,2025-04-13,14:04:22,-07:00,2025-04-13T14:04:22-07:00,0,2
global.js,70,js,50319977,Viki Shi,2025-04-22,19:36:56,-07:00,2025-04-22T19:36:56-07:00,0,0
global.js,71,js,50319977,Viki Shi,2025-04-22,19:36:56,-07:00,2025-04-22T19:36:56-07:00,0,37
global.js,72,js,50319977,Viki Shi,2025-04-22,19:36:56,-07:00,2025-04-22T19:36:56-07:00,0,4
global.js,73,js,50319977,Viki Shi,2025-04-22,19:36:56,-07:00,2025-04-22T19:36:56-07:00,0,33
global.js,74,js,50319977,Viki Shi,2025-04-22,19:36:56,-07:00,2025-04-22T19:36:56-07:00,0,18
global.js,75,js,50319977,Viki Shi,2025-04-22,19:36:56,-07:00,2025-04-22T19:36:56-07:00,0,67
global.js,76,js,50319977,Viki Shi,2025-04-22,19:36:56,-07:00,2025-04-22T19:36:56-07:00,0,0
global.js,77,js,50319977,Viki Shi,2025-04-22,19:36:56,-07:00,2025-04-22T19:36:56-07:00,0,34
global.js,78,js,50319977,Viki Shi,2025-04-22,19:36:56,-07:00,2025-04-22T19:36:56-07:00,0,11
global.js,79,js,50319977,Viki Shi,2025-04-22,19:36:56,-07:00,2025-04-22T19:36:56-07:00,0,16
global.js,80,js,50319977,Viki Shi,2025-04-22,19:36:56,-07:00,2025-04-22T19:36:56-07:00,0,60
global.js,81,js,50319977,Viki Shi,2025-04-22,19:36:56,-07:00,2025-04-22T19:36:56-07:00,0,0
global.js,82,js,50319977,Viki Shi,2025-04-22,19:36:56,-07:00,2025-04-22T19:36:56-07:00,0,0
global.js,83,js,50319977,Viki Shi,2025-04-22,19:36:56,-07:00,2025-04-22T19:36:56-07:00,0,0
global.js,84,js,f1ca624c,Viki Shi,2025-04-22,19:53:56,-07:00,2025-04-22T19:53:56-07:00,0,80
global.js,85,js,f1ca624c,Viki Shi,2025-04-22,19:53:56,-07:00,2025-04-22T19:53:56-07:00,0,31
global.js,86,js,50319977,Viki Shi,2025-04-22,19:36:56,-07:00,2025-04-22T19:36:56-07:00,0,0
global.js,87,js,f1ca624c,Viki Shi,2025-04-22,19:53:56,-07:00,2025-04-22T19:53:56-07:00,0,32
global.js,88,js,f1ca624c,Viki Shi,2025-04-22,19:53:56,-07:00,2025-04-22T19:53:56-07:00,0,49
global.js,89,js,f1ca624c,Viki Shi,2025-04-22,19:53:56,-07:00,2025-04-22T19:53:56-07:00,0,20
global.js,90,js,8c533c35,Viki Shi,2025-04-22,21:20:44,-07:00,2025-04-22T21:20:44-07:00,0,102
global.js,91,js,8c533c35,Viki Shi,2025-04-22,21:20:44,-07:00,2025-04-22T21:20:44-07:00,0,50
global.js,92,js,8c533c35,Viki Shi,2025-04-22,21:20:44,-07:00,2025-04-22T21:20:44-07:00,0,28
global.js,93,js,8c533c35,Viki Shi,2025-04-22,21:20:44,-07:00,2025-04-22T21:20:44-07:00,0,1
global.js,94,js,8c533c35,Viki Shi,2025-04-22,21:20:44,-07:00,2025-04-22T21:20:44-07:00,0,0
global.js,95,js,f1ca624c,Viki Shi,2025-04-22,19:53:56,-07:00,2025-04-22T19:53:56-07:00,0,37
global.js,96,js,f1ca624c,Viki Shi,2025-04-22,19:53:56,-07:00,2025-04-22T19:53:56-07:00,0,0
global.js,97,js,394997aa,Viki Shi,2025-04-22,20:19:50,-07:00,2025-04-22T20:19:50-07:00,0,0
global.js,98,js,dbb4c78b,Viki Shi,2025-04-22,20:53:10,-07:00,2025-04-22T20:53:10-07:00,0,0
global.js,99,js,dbb4c78b,Viki Shi,2025-04-22,20:53:10,-07:00,2025-04-22T20:53:10-07:00,0,48
global.js,100,js,dbb4c78b,Viki Shi,2025-04-22,20:53:10,-07:00,2025-04-22T20:53:10-07:00,0,60
global.js,101,js,dbb4c78b,Viki Shi,2025-04-22,20:53:10,-07:00,2025-04-22T20:53:10-07:00,0,0
resume\index.html,1,html,50d5f0d3,viki shi,2025-04-03,11:13:14,-07:00,2025-04-03T11:13:14-07:00,0,14
resume\index.html,2,html,50d5f0d3,viki shi,2025-04-03,11:13:14,-07:00,2025-04-03T11:13:14-07:00,0,15
resume\index.html,3,html,50d5f0d3,viki shi,2025-04-03,11:13:14,-07:00,2025-04-03T11:13:14-07:00,0,5
resume\index.html,4,html,023be426,Viki Shi,2025-04-13,13:58:54,-07:00,2025-04-13T13:58:54-07:00,0,23
resume\index.html,5,html,023be426,Viki Shi,2025-04-13,13:58:54,-07:00,2025-04-13T13:58:54-07:00,0,71
resume\index.html,6,html,023be426,Viki Shi,2025-04-13,13:58:54,-07:00,2025-04-13T13:58:54-07:00,0,20
resume\index.html,7,html,2ed90fc4,Viki Shi,2025-04-13,14:30:58,-07:00,2025-04-13T14:30:58-07:00,0,52
resume\index.html,8,html,2ed90fc4,Viki Shi,2025-04-13,14:30:58,-07:00,2025-04-13T14:30:58-07:00,0,0
resume\index.html,9,html,023be426,Viki Shi,2025-04-13,13:58:54,-07:00,2025-04-13T13:58:54-07:00,0,49
resume\index.html,10,html,50d5f0d3,viki shi,2025-04-03,11:13:14,-07:00,2025-04-03T11:13:14-07:00,0,6
resume\index.html,11,html,72f30c84,Viki Shi,2025-04-08,05:18:58,-07:00,2025-04-08T05:18:58-07:00,0,20
resume\index.html,12,html,023be426,Viki Shi,2025-04-13,13:58:54,-07:00,2025-04-13T13:58:54-07:00,0,0
resume\index.html,13,html,023be426,Viki Shi,2025-04-13,13:58:54,-07:00,2025-04-13T13:58:54-07:00,0,8
resume\index.html,14,html,023be426,Viki Shi,2025-04-13,13:58:54,-07:00,2025-04-13T13:58:54-07:00,0,20
resume\index.html,15,html,023be426,Viki Shi,2025-04-13,13:58:54,-07:00,2025-04-13T13:58:54-07:00,0,16
resume\index.html,16,html,023be426,Viki Shi,2025-04-13,13:58:54,-07:00,2025-04-13T13:58:54-07:00,0,2
resume\index.html,17,html,023be426,Viki Shi,2025-04-13,13:58:54,-07:00,2025-04-13T13:58:54-07:00,0,76
resume\index.html,18,html,023be426,Viki Shi,2025-04-13,13:58:54,-07:00,2025-04-13T13:58:54-07:00,0,22
resume\index.html,19,html,023be426,Viki Shi,2025-04-13,13:58:54,-07:00,2025-04-13T13:58:54-07:00,0,13
resume\index.html,20,html,023be426,Viki Shi,2025-04-13,13:58:54,-07:00,2025-04-13T13:58:54-07:00,0,3
resume\index.html,21,html,023be426,Viki Shi,2025-04-13,13:58:54,-07:00,2025-04-13T13:58:54-07:00,0,8
resume\index.html,22,html,023be426,Viki Shi,2025-04-13,13:58:54,-07:00,2025-04-13T13:58:54-07:00,0,9
resume\index.html,23,html,7f64d155,Viki Shi,2025-04-04,13:15:01,-07:00,2025-04-04T13:15:01-07:00,0,8
resume\index.html,24,html,7f64d155,Viki Shi,2025-04-04,13:15:01,-07:00,2025-04-04T13:15:01-07:00,0,7
resume\index.html,25,html,7f64d155,Viki Shi,2025-04-04,13:15:01,-07:00,2025-04-04T13:15:01-07:00,0,17
resume\index.html,26,html,7f64d155,Viki Shi,2025-04-04,13:15:01,-07:00,2025-04-04T13:15:01-07:00,0,8
resume\index.html,27,html,7f64d155,Viki Shi,2025-04-04,13:15:01,-07:00,2025-04-04T13:15:01-07:00,0,8
resume\index.html,28,html,72f30c84,Viki Shi,2025-04-08,05:18:58,-07:00,2025-04-08T05:18:58-07:00,0,74
resume\index.html,29,html,72f30c84,Viki Shi,2025-04-08,05:18:58,-07:00,2025-04-08T05:18:58-07:00,0,46
resume\index.html,30,html,72f30c84,Viki Shi,2025-04-08,05:18:58,-07:00,2025-04-08T05:18:58-07:00,0,183
resume\index.html,31,html,7f64d155,Viki Shi,2025-04-04,13:15:01,-07:00,2025-04-04T13:15:01-07:00,0,9
resume\index.html,32,html,7f64d155,Viki Shi,2025-04-04,13:15:01,-07:00,2025-04-04T13:15:01-07:00,0,9
resume\index.html,33,html,7f64d155,Viki Shi,2025-04-04,13:15:01,-07:00,2025-04-04T13:15:01-07:00,0,0
resume\index.html,34,html,7f64d155,Viki Shi,2025-04-04,13:15:01,-07:00,2025-04-04T13:15:01-07:00,0,8
resume\index.html,35,html,7f64d155,Viki Shi,2025-04-04,13:15:01,-07:00,2025-04-04T13:15:01-07:00,0,7
resume\index.html,36,html,7f64d155,Viki Shi,2025-04-04,13:15:01,-07:00,2025-04-04T13:15:01-07:00,0,18
resume\index.html,37,html,7f64d155,Viki Shi,2025-04-04,13:15:01,-07:00,2025-04-04T13:15:01-07:00,0,8
resume\index.html,38,html,7f64d155,Viki Shi,2025-04-04,13:15:01,-07:00,2025-04-04T13:15:01-07:00,0,8
resume\index.html,39,html,72f30c84,Viki Shi,2025-04-08,05:18:58,-07:00,2025-04-08T05:18:58-07:00,0,61
resume\index.html,40,html,7f64d155,Viki Shi,2025-04-04,13:15:01,-07:00,2025-04-04T13:15:01-07:00,0,2
resume\index.html,41,html,7f64d155,Viki Shi,2025-04-04,13:15:01,-07:00,2025-04-04T13:15:01-07:00,0,46
resume\index.html,42,html,7f64d155,Viki Shi,2025-04-04,13:15:01,-07:00,2025-04-04T13:15:01-07:00,0,38
resume\index.html,43,html,7f64d155,Viki Shi,2025-04-04,13:15:01,-07:00,2025-04-04T13:15:01-07:00,0,3
resume\index.html,44,html,72f30c84,Viki Shi,2025-04-08,05:18:58,-07:00,2025-04-08T05:18:58-07:00,0,3
resume\index.html,45,html,7f64d155,Viki Shi,2025-04-04,13:15:01,-07:00,2025-04-04T13:15:01-07:00,0,193
resume\index.html,46,html,7f64d155,Viki Shi,2025-04-04,13:15:01,-07:00,2025-04-04T13:15:01-07:00,0,175
resume\index.html,47,html,7f64d155,Viki Shi,2025-04-04,13:15:01,-07:00,2025-04-04T13:15:01-07:00,0,230
resume\index.html,48,html,72f30c84,Viki Shi,2025-04-08,05:18:58,-07:00,2025-04-08T05:18:58-07:00,0,4
resume\index.html,49,html,7f64d155,Viki Shi,2025-04-04,13:15:01,-07:00,2025-04-04T13:15:01-07:00,0,9
resume\index.html,50,html,7f64d155,Viki Shi,2025-04-04,13:15:01,-07:00,2025-04-04T13:15:01-07:00,0,0
resume\index.html,51,html,7f64d155,Viki Shi,2025-04-04,13:15:01,-07:00,2025-04-04T13:15:01-07:00,0,8
resume\index.html,52,html,72f30c84,Viki Shi,2025-04-08,05:18:58,-07:00,2025-04-08T05:18:58-07:00,0,89
resume\index.html,53,html,7f64d155,Viki Shi,2025-04-04,13:15:01,-07:00,2025-04-04T13:15:01-07:00,0,2
resume\index.html,54,html,7f64d155,Viki Shi,2025-04-04,13:15:01,-07:00,2025-04-04T13:15:01-07:00,0,42
resume\index.html,55,html,7f64d155,Viki Shi,2025-04-04,13:15:01,-07:00,2025-04-04T13:15:01-07:00,0,45
resume\index.html,56,html,7f64d155,Viki Shi,2025-04-04,13:15:01,-07:00,2025-04-04T13:15:01-07:00,0,3
resume\index.html,57,html,72f30c84,Viki Shi,2025-04-08,05:18:58,-07:00,2025-04-08T05:18:58-07:00,0,3
resume\index.html,58,html,7f64d155,Viki Shi,2025-04-04,13:15:01,-07:00,2025-04-04T13:15:01-07:00,0,212
resume\index.html,59,html,7f64d155,Viki Shi,2025-04-04,13:15:01,-07:00,2025-04-04T13:15:01-07:00,0,191
resume\index.html,60,html,7f64d155,Viki Shi,2025-04-04,13:15:01,-07:00,2025-04-04T13:15:01-07:00,0,129
resume\index.html,61,html,72f30c84,Viki Shi,2025-04-08,05:18:58,-07:00,2025-04-08T05:18:58-07:00,0,4
resume\index.html,62,html,7f64d155,Viki Shi,2025-04-04,13:15:01,-07:00,2025-04-04T13:15:01-07:00,0,9
resume\index.html,63,html,7f64d155,Viki Shi,2025-04-04,13:15:01,-07:00,2025-04-04T13:15:01-07:00,0,0
resume\index.html,64,html,7f64d155,Viki Shi,2025-04-04,13:15:01,-07:00,2025-04-04T13:15:01-07:00,0,8
resume\index.html,65,html,72f30c84,Viki Shi,2025-04-08,05:18:58,-07:00,2025-04-08T05:18:58-07:00,0,76
resume\index.html,66,html,7f64d155,Viki Shi,2025-04-04,13:15:01,-07:00,2025-04-04T13:15:01-07:00,0,2
resume\index.html,67,html,7f64d155,Viki Shi,2025-04-04,13:15:01,-07:00,2025-04-04T13:15:01-07:00,0,48
resume\index.html,68,html,7f64d155,Viki Shi,2025-04-04,13:15:01,-07:00,2025-04-04T13:15:01-07:00,0,38
resume\index.html,69,html,7f64d155,Viki Shi,2025-04-04,13:15:01,-07:00,2025-04-04T13:15:01-07:00,0,3
resume\index.html,70,html,72f30c84,Viki Shi,2025-04-08,05:18:58,-07:00,2025-04-08T05:18:58-07:00,0,3
resume\index.html,71,html,7f64d155,Viki Shi,2025-04-04,13:15:01,-07:00,2025-04-04T13:15:01-07:00,0,200
resume\index.html,72,html,7f64d155,Viki Shi,2025-04-04,13:15:01,-07:00,2025-04-04T13:15:01-07:00,0,240
resume\index.html,73,html,72f30c84,Viki Shi,2025-04-08,05:18:58,-07:00,2025-04-08T05:18:58-07:00,0,4
resume\index.html,74,html,7f64d155,Viki Shi,2025-04-04,13:15:01,-07:00,2025-04-04T13:15:01-07:00,0,9
resume\index.html,75,html,7f64d155,Viki Shi,2025-04-04,13:15:01,-07:00,2025-04-04T13:15:01-07:00,0,0
resume\index.html,76,html,7f64d155,Viki Shi,2025-04-04,13:15:01,-07:00,2025-04-04T13:15:01-07:00,0,0
resume\index.html,77,html,7f64d155,Viki Shi,2025-04-04,13:15:01,-07:00,2025-04-04T13:15:01-07:00,0,9
resume\index.html,78,html,7f64d155,Viki Shi,2025-04-04,13:15:01,-07:00,2025-04-04T13:15:01-07:00,0,0
resume\index.html,79,html,7f64d155,Viki Shi,2025-04-04,13:15:01,-07:00,2025-04-04T13:15:01-07:00,0,8
resume\index.html,80,html,7f64d155,Viki Shi,2025-04-04,13:15:01,-07:00,2025-04-04T13:15:01-07:00,0,7
resume\index.html,81,html,7f64d155,Viki Shi,2025-04-04,13:15:01,-07:00,2025-04-04T13:15:01-07:00,0,16
resume\index.html,82,html,7f64d155,Viki Shi,2025-04-04,13:15:01,-07:00,2025-04-04T13:15:01-07:00,0,8
resume\index.html,83,html,7f64d155,Viki Shi,2025-04-04,13:15:01,-07:00,2025-04-04T13:15:01-07:00,0,8
resume\index.html,84,html,72f30c84,Viki Shi,2025-04-08,05:18:58,-07:00,2025-04-08T05:18:58-07:00,0,74
resume\index.html,85,html,7f64d155,Viki Shi,2025-04-04,13:15:01,-07:00,2025-04-04T13:15:01-07:00,0,2
resume\index.html,86,html,7f64d155,Viki Shi,2025-04-04,13:15:01,-07:00,2025-04-04T13:15:01-07:00,0,45
resume\index.html,87,html,7f64d155,Viki Shi,2025-04-04,13:15:01,-07:00,2025-04-04T13:15:01-07:00,0,3
resume\index.html,88,html,72f30c84,Viki Shi,2025-04-08,05:18:58,-07:00,2025-04-08T05:18:58-07:00,0,3
resume\index.html,89,html,7f64d155,Viki Shi,2025-04-04,13:15:01,-07:00,2025-04-04T13:15:01-07:00,0,178
resume\index.html,90,html,7f64d155,Viki Shi,2025-04-04,13:15:01,-07:00,2025-04-04T13:15:01-07:00,0,127
resume\index.html,91,html,7f64d155,Viki Shi,2025-04-04,13:15:01,-07:00,2025-04-04T13:15:01-07:00,0,233
resume\index.html,92,html,7f64d155,Viki Shi,2025-04-04,13:15:01,-07:00,2025-04-04T13:15:01-07:00,0,201
resume\index.html,93,html,7f64d155,Viki Shi,2025-04-04,13:15:01,-07:00,2025-04-04T13:15:01-07:00,0,4
resume\index.html,94,html,72f30c84,Viki Shi,2025-04-08,05:18:58,-07:00,2025-04-08T05:18:58-07:00,0,4
resume\index.html,95,html,7f64d155,Viki Shi,2025-04-04,13:15:01,-07:00,2025-04-04T13:15:01-07:00,0,9
resume\index.html,96,html,7f64d155,Viki Shi,2025-04-04,13:15:01,-07:00,2025-04-04T13:15:01-07:00,0,0
resume\index.html,97,html,7f64d155,Viki Shi,2025-04-04,13:15:01,-07:00,2025-04-04T13:15:01-07:00,0,8
resume\index.html,98,html,72f30c84,Viki Shi,2025-04-08,05:18:58,-07:00,2025-04-08T05:18:58-07:00,0,53
resume\index.html,99,html,7f64d155,Viki Shi,2025-04-04,13:15:01,-07:00,2025-04-04T13:15:01-07:00,0,2
resume\index.html,100,html,72f30c84,Viki Shi,2025-04-08,05:18:58,-07:00,2025-04-08T05:18:58-07:00,0,43
resume\index.html,101,html,7f64d155,Viki Shi,2025-04-04,13:15:01,-07:00,2025-04-04T13:15:01-07:00,0,3
resume\index.html,102,html,72f30c84,Viki Shi,2025-04-08,05:18:58,-07:00,2025-04-08T05:18:58-07:00,0,3
resume\index.html,103,html,7f64d155,Viki Shi,2025-04-04,13:15:01,-07:00,2025-04-04T13:15:01-07:00,0,195
resume\index.html,104,html,7f64d155,Viki Shi,2025-04-04,13:15:01,-07:00,2025-04-04T13:15:01-07:00,0,4
resume\index.html,105,html,7f64d155,Viki Shi,2025-04-04,13:15:01,-07:00,2025-04-04T13:15:01-07:00,0,196
resume\index.html,106,html,7f64d155,Viki Shi,2025-04-04,13:15:01,-07:00,2025-04-04T13:15:01-07:00,0,4
resume\index.html,107,html,7f64d155,Viki Shi,2025-04-04,13:15:01,-07:00,2025-04-04T13:15:01-07:00,0,161
resume\index.html,108,html,7f64d155,Viki Shi,2025-04-04,13:15:01,-07:00,2025-04-04T13:15:01-07:00,0,4
resume\index.html,109,html,72f30c84,Viki Shi,2025-04-08,05:18:58,-07:00,2025-04-08T05:18:58-07:00,0,4
resume\index.html,110,html,72f30c84,Viki Shi,2025-04-08,05:18:58,-07:00,2025-04-08T05:18:58-07:00,0,9
resume\index.html,111,html,72f30c84,Viki Shi,2025-04-08,05:18:58,-07:00,2025-04-08T05:18:58-07:00,0,0
resume\index.html,112,html,72f30c84,Viki Shi,2025-04-08,05:18:58,-07:00,2025-04-08T05:18:58-07:00,0,8
resume\index.html,113,html,72f30c84,Viki Shi,2025-04-08,05:18:58,-07:00,2025-04-08T05:18:58-07:00,0,50
resume\index.html,114,html,72f30c84,Viki Shi,2025-04-08,05:18:58,-07:00,2025-04-08T05:18:58-07:00,0,2
resume\index.html,115,html,72f30c84,Viki Shi,2025-04-08,05:18:58,-07:00,2025-04-08T05:18:58-07:00,0,41
resume\index.html,116,html,72f30c84,Viki Shi,2025-04-08,05:18:58,-07:00,2025-04-08T05:18:58-07:00,0,3
resume\index.html,117,html,72f30c84,Viki Shi,2025-04-08,05:18:58,-07:00,2025-04-08T05:18:58-07:00,0,3
resume\index.html,118,html,72f30c84,Viki Shi,2025-04-08,05:18:58,-07:00,2025-04-08T05:18:58-07:00,0,180
resume\index.html,119,html,72f30c84,Viki Shi,2025-04-08,05:18:58,-07:00,2025-04-08T05:18:58-07:00,0,4
resume\index.html,120,html,72f30c84,Viki Shi,2025-04-08,05:18:58,-07:00,2025-04-08T05:18:58-07:00,0,104
resume\index.html,121,html,72f30c84,Viki Shi,2025-04-08,05:18:58,-07:00,2025-04-08T05:18:58-07:00,0,4
resume\index.html,122,html,72f30c84,Viki Shi,2025-04-08,05:18:58,-07:00,2025-04-08T05:18:58-07:00,0,194
resume\index.html,123,html,72f30c84,Viki Shi,2025-04-08,05:18:58,-07:00,2025-04-08T05:18:58-07:00,0,4
resume\index.html,124,html,72f30c84,Viki Shi,2025-04-08,05:18:58,-07:00,2025-04-08T05:18:58-07:00,0,4
resume\index.html,125,html,7f64d155,Viki Shi,2025-04-04,13:15:01,-07:00,2025-04-04T13:15:01-07:00,0,9
resume\index.html,126,html,7f64d155,Viki Shi,2025-04-04,13:15:01,-07:00,2025-04-04T13:15:01-07:00,0,0
resume\index.html,127,html,7f64d155,Viki Shi,2025-04-04,13:15:01,-07:00,2025-04-04T13:15:01-07:00,0,9
resume\index.html,128,html,7f64d155,Viki Shi,2025-04-04,13:15:01,-07:00,2025-04-04T13:15:01-07:00,0,0
resume\index.html,129,html,7f64d155,Viki Shi,2025-04-04,13:15:01,-07:00,2025-04-04T13:15:01-07:00,0,8
resume\index.html,130,html,7f64d155,Viki Shi,2025-04-04,13:15:01,-07:00,2025-04-04T13:15:01-07:00,0,7
resume\index.html,131,html,7f64d155,Viki Shi,2025-04-04,13:15:01,-07:00,2025-04-04T13:15:01-07:00,0,14
resume\index.html,132,html,7f64d155,Viki Shi,2025-04-04,13:15:01,-07:00,2025-04-04T13:15:01-07:00,0,8
resume\index.html,133,html,7f64d155,Viki Shi,2025-04-04,13:15:01,-07:00,2025-04-04T13:15:01-07:00,0,8
resume\index.html,134,html,72f30c84,Viki Shi,2025-04-08,05:18:58,-07:00,2025-04-08T05:18:58-07:00,0,40
resume\index.html,135,html,72f30c84,Viki Shi,2025-04-08,05:18:58,-07:00,2025-04-08T05:18:58-07:00,0,3
resume\index.html,136,html,72f30c84,Viki Shi,2025-04-08,05:18:58,-07:00,2025-04-08T05:18:58-07:00,0,56
resume\index.html,137,html,72f30c84,Viki Shi,2025-04-08,05:18:58,-07:00,2025-04-08T05:18:58-07:00,0,4
resume\index.html,138,html,72f30c84,Viki Shi,2025-04-08,05:18:58,-07:00,2025-04-08T05:18:58-07:00,0,0
resume\index.html,139,html,72f30c84,Viki Shi,2025-04-08,05:18:58,-07:00,2025-04-08T05:18:58-07:00,0,46
resume\index.html,140,html,72f30c84,Viki Shi,2025-04-08,05:18:58,-07:00,2025-04-08T05:18:58-07:00,0,3
resume\index.html,141,html,72f30c84,Viki Shi,2025-04-08,05:18:58,-07:00,2025-04-08T05:18:58-07:00,0,95
resume\index.html,142,html,72f30c84,Viki Shi,2025-04-08,05:18:58,-07:00,2025-04-08T05:18:58-07:00,0,4
resume\index.html,143,html,7f64d155,Viki Shi,2025-04-04,13:15:01,-07:00,2025-04-04T13:15:01-07:00,0,9
resume\index.html,144,html,7f64d155,Viki Shi,2025-04-04,13:15:01,-07:00,2025-04-04T13:15:01-07:00,0,0
resume\index.html,145,html,7f64d155,Viki Shi,2025-04-04,13:15:01,-07:00,2025-04-04T13:15:01-07:00,0,9
resume\index.html,146,html,7f64d155,Viki Shi,2025-04-04,13:15:01,-07:00,2025-04-04T13:15:01-07:00,0,0
resume\index.html,147,html,50d5f0d3,viki shi,2025-04-03,11:13:14,-07:00,2025-04-03T11:13:14-07:00,0,6
resume\index.html,148,html,50d5f0d3,viki shi,2025-04-03,11:13:14,-07:00,2025-04-03T11:13:14-07:00,0,6
projects\projects.js,1,js,d721cc9f,Viki Shi,2025-04-29,01:49:20,-07:00,2025-04-29T01:49:20-07:00,0,56
projects\projects.js,2,js,caa5a42d,Viki Shi,2025-04-28,22:32:44,-07:00,2025-04-28T22:32:44-07:00,0,64
projects\projects.js,3,js,50319977,Viki Shi,2025-04-22,19:36:56,-07:00,2025-04-22T19:36:56-07:00,0,0
projects\projects.js,4,js,50319977,Viki Shi,2025-04-22,19:36:56,-07:00,2025-04-22T19:36:56-07:00,0,58
projects\projects.js,5,js,d721cc9f,Viki Shi,2025-04-29,01:49:20,-07:00,2025-04-29T01:49:20-07:00,0,12
projects\projects.js,6,js,d721cc9f,Viki Shi,2025-04-29,01:49:20,-07:00,2025-04-29T01:49:20-07:00,0,4
projects\projects.js,7,js,d721cc9f,Viki Shi,2025-04-29,01:49:20,-07:00,2025-04-29T01:49:20-07:00,0,50
projects\projects.js,8,js,d721cc9f,Viki Shi,2025-04-29,01:49:20,-07:00,2025-04-29T01:49:20-07:00,0,14
projects\projects.js,9,js,d721cc9f,Viki Shi,2025-04-29,01:49:20,-07:00,2025-04-29T01:49:20-07:00,0,49
projects\projects.js,10,js,d721cc9f,Viki Shi,2025-04-29,01:49:20,-07:00,2025-04-29T01:49:20-07:00,0,6
projects\projects.js,11,js,d721cc9f,Viki Shi,2025-04-29,01:49:20,-07:00,2025-04-29T01:49:20-07:00,0,0
projects\projects.js,12,js,843f0916,Viki Shi,2025-04-28,23:57:31,-07:00,2025-04-28T23:57:31-07:00,0,0
projects\projects.js,13,js,843f0916,Viki Shi,2025-04-28,23:57:31,-07:00,2025-04-28T23:57:31-07:00,0,66
projects\projects.js,14,js,50319977,Viki Shi,2025-04-22,19:36:56,-07:00,2025-04-22T19:36:56-07:00,0,55
projects\projects.js,15,js,bb4d1e45,Viki Shi,2025-04-28,23:47:03,-07:00,2025-04-28T23:47:03-07:00,0,57
projects\projects.js,16,js,bb4d1e45,Viki Shi,2025-04-28,23:47:03,-07:00,2025-04-28T23:47:03-07:00,0,0
projects\projects.js,17,js,843f0916,Viki Shi,2025-04-28,23:57:31,-07:00,2025-04-28T23:57:31-07:00,0,14
projects\projects.js,18,js,843f0916,Viki Shi,2025-04-28,23:57:31,-07:00,2025-04-28T23:57:31-07:00,0,22
projects\projects.js,19,js,843f0916,Viki Shi,2025-04-28,23:57:31,-07:00,2025-04-28T23:57:31-07:00,0,0
projects\projects.js,20,js,c473610f,Viki Shi,2025-04-29,10:43:55,-07:00,2025-04-29T10:43:55-07:00,0,26
projects\projects.js,21,js,c473610f,Viki Shi,2025-04-29,10:43:55,-07:00,2025-04-29T10:43:55-07:00,0,50
projects\projects.js,22,js,c473610f,Viki Shi,2025-04-29,10:43:55,-07:00,2025-04-29T10:43:55-07:00,0,44
projects\projects.js,23,js,c473610f,Viki Shi,2025-04-29,10:43:55,-07:00,2025-04-29T10:43:55-07:00,0,0
projects\projects.js,24,js,c473610f,Viki Shi,2025-04-29,10:43:55,-07:00,2025-04-29T10:43:55-07:00,0,0
projects\projects.js,25,js,c473610f,Viki Shi,2025-04-29,10:43:55,-07:00,2025-04-29T10:43:55-07:00,0,28
projects\projects.js,26,js,c473610f,Viki Shi,2025-04-29,10:43:55,-07:00,2025-04-29T10:43:55-07:00,0,40
projects\projects.js,27,js,c473610f,Viki Shi,2025-04-29,10:43:55,-07:00,2025-04-29T10:43:55-07:00,0,51
projects\projects.js,28,js,c473610f,Viki Shi,2025-04-29,10:43:55,-07:00,2025-04-29T10:43:55-07:00,0,22
projects\projects.js,29,js,843f0916,Viki Shi,2025-04-28,23:57:31,-07:00,2025-04-28T23:57:31-07:00,0,0
projects\projects.js,30,js,bb4d1e45,Viki Shi,2025-04-28,23:47:03,-07:00,2025-04-28T23:47:03-07:00,0,50
projects\projects.js,31,js,bb4d1e45,Viki Shi,2025-04-28,23:47:03,-07:00,2025-04-28T23:47:03-07:00,0,0
projects\projects.js,32,js,bb4d1e45,Viki Shi,2025-04-28,23:47:03,-07:00,2025-04-28T23:47:03-07:00,0,39
projects\projects.js,33,js,bb4d1e45,Viki Shi,2025-04-28,23:47:03,-07:00,2025-04-28T23:47:03-07:00,0,30
projects\projects.js,34,js,843f0916,Viki Shi,2025-04-28,23:57:31,-07:00,2025-04-28T23:57:31-07:00,0,0
projects\projects.js,35,js,c473610f,Viki Shi,2025-04-29,10:43:55,-07:00,2025-04-29T10:43:55-07:00,0,29
projects\projects.js,36,js,bb4d1e45,Viki Shi,2025-04-28,23:47:03,-07:00,2025-04-28T23:47:03-07:00,0,17
projects\projects.js,37,js,c473610f,Viki Shi,2025-04-29,10:43:55,-07:00,2025-04-29T10:43:55-07:00,0,23
projects\projects.js,38,js,843f0916,Viki Shi,2025-04-28,23:57:31,-07:00,2025-04-28T23:57:31-07:00,0,23
projects\projects.js,39,js,843f0916,Viki Shi,2025-04-28,23:57:31,-07:00,2025-04-28T23:57:31-07:00,0,19
projects\projects.js,40,js,c473610f,Viki Shi,2025-04-29,10:43:55,-07:00,2025-04-29T10:43:55-07:00,0,54
projects\projects.js,41,js,843f0916,Viki Shi,2025-04-28,23:57:31,-07:00,2025-04-28T23:57:31-07:00,0,19
projects\projects.js,42,js,843f0916,Viki Shi,2025-04-28,23:57:31,-07:00,2025-04-28T23:57:31-07:00,0,44
projects\projects.js,43,js,843f0916,Viki Shi,2025-04-28,23:57:31,-07:00,2025-04-28T23:57:31-07:00,0,8
projects\projects.js,44,js,843f0916,Viki Shi,2025-04-28,23:57:31,-07:00,2025-04-28T23:57:31-07:00,0,2
projects\projects.js,45,js,bb4d1e45,Viki Shi,2025-04-28,23:47:03,-07:00,2025-04-28T23:47:03-07:00,0,2
projects\projects.js,46,js,bb4d1e45,Viki Shi,2025-04-28,23:47:03,-07:00,2025-04-28T23:47:03-07:00,0,0
projects\projects.js,47,js,bb4d1e45,Viki Shi,2025-04-28,23:47:03,-07:00,2025-04-28T23:47:03-07:00,0,35
projects\projects.js,48,js,843f0916,Viki Shi,2025-04-28,23:57:31,-07:00,2025-04-28T23:57:31-07:00,0,31
projects\projects.js,49,js,843f0916,Viki Shi,2025-04-28,23:57:31,-07:00,2025-04-28T23:57:31-07:00,0,0
projects\projects.js,50,js,c473610f,Viki Shi,2025-04-29,10:43:55,-07:00,2025-04-29T10:43:55-07:00,0,23
projects\projects.js,51,js,bb4d1e45,Viki Shi,2025-04-28,23:47:03,-07:00,2025-04-28T23:47:03-07:00,0,18
projects\projects.js,52,js,bb4d1e45,Viki Shi,2025-04-28,23:47:03,-07:00,2025-04-28T23:47:03-07:00,0,38
projects\projects.js,53,js,c473610f,Viki Shi,2025-04-29,10:43:55,-07:00,2025-04-29T10:43:55-07:00,0,75
projects\projects.js,54,js,843f0916,Viki Shi,2025-04-28,23:57:31,-07:00,2025-04-28T23:57:31-07:00,0,19
projects\projects.js,55,js,843f0916,Viki Shi,2025-04-28,23:57:31,-07:00,2025-04-28T23:57:31-07:00,0,69
projects\projects.js,56,js,843f0916,Viki Shi,2025-04-28,23:57:31,-07:00,2025-04-28T23:57:31-07:00,0,19
projects\projects.js,57,js,843f0916,Viki Shi,2025-04-28,23:57:31,-07:00,2025-04-28T23:57:31-07:00,0,44
projects\projects.js,58,js,843f0916,Viki Shi,2025-04-28,23:57:31,-07:00,2025-04-28T23:57:31-07:00,0,8
projects\projects.js,59,js,843f0916,Viki Shi,2025-04-28,23:57:31,-07:00,2025-04-28T23:57:31-07:00,0,2
projects\projects.js,60,js,bb4d1e45,Viki Shi,2025-04-28,23:47:03,-07:00,2025-04-28T23:47:03-07:00,0,2
projects\projects.js,61,js,bb4d1e45,Viki Shi,2025-04-28,23:47:03,-07:00,2025-04-28T23:47:03-07:00,0,0
projects\projects.js,62,js,50319977,Viki Shi,2025-04-22,19:36:56,-07:00,2025-04-22T19:36:56-07:00,0,0
projects\projects.js,63,js,843f0916,Viki Shi,2025-04-28,23:57:31,-07:00,2025-04-28T23:57:31-07:00,0,18
projects\projects.js,64,js,843f0916,Viki Shi,2025-04-28,23:57:31,-07:00,2025-04-28T23:57:31-07:00,0,31
projects\projects.js,65,js,843f0916,Viki Shi,2025-04-28,23:57:31,-07:00,2025-04-28T23:57:31-07:00,0,0
projects\projects.js,66,js,843f0916,Viki Shi,2025-04-28,23:57:31,-07:00,2025-04-28T23:57:31-07:00,0,25
projects\projects.js,67,js,c473610f,Viki Shi,2025-04-29,10:43:55,-07:00,2025-04-29T10:43:55-07:00,0,46
projects\projects.js,68,js,c473610f,Viki Shi,2025-04-29,10:43:55,-07:00,2025-04-29T10:43:55-07:00,0,70
projects\projects.js,69,js,c473610f,Viki Shi,2025-04-29,10:43:55,-07:00,2025-04-29T10:43:55-07:00,0,1
projects\projects.js,70,js,843f0916,Viki Shi,2025-04-28,23:57:31,-07:00,2025-04-28T23:57:31-07:00,0,0
projects\projects.js,71,js,843f0916,Viki Shi,2025-04-28,23:57:31,-07:00,2025-04-28T23:57:31-07:00,0,0
projects\projects.js,72,js,c473610f,Viki Shi,2025-04-29,10:43:55,-07:00,2025-04-29T10:43:55-07:00,0,44
projects\projects.js,73,js,c473610f,Viki Shi,2025-04-29,10:43:55,-07:00,2025-04-29T10:43:55-07:00,0,0
projects\projects.js,74,js,c473610f,Viki Shi,2025-04-29,10:43:55,-07:00,2025-04-29T10:43:55-07:00,0,38
projects\projects.js,75,js,85028356,Viki Shi,2025-04-29,10:39:29,-07:00,2025-04-29T10:39:29-07:00,0,52
projects\projects.js,76,js,85028356,Viki Shi,2025-04-29,10:39:29,-07:00,2025-04-29T10:39:29-07:00,0,49
projects\projects.js,77,js,c473610f,Viki Shi,2025-04-29,10:43:55,-07:00,2025-04-29T10:43:55-07:00,0,71
projects\projects.js,78,js,843f0916,Viki Shi,2025-04-28,23:57:31,-07:00,2025-04-28T23:57:31-07:00,0,0
projects\projects.js,79,js,843f0916,Viki Shi,2025-04-28,23:57:31,-07:00,2025-04-28T23:57:31-07:00,0,0
projects\projects.js,80,js,c473610f,Viki Shi,2025-04-29,10:43:55,-07:00,2025-04-29T10:43:55-07:00,0,56
projects\projects.js,81,js,c473610f,Viki Shi,2025-04-29,10:43:55,-07:00,2025-04-29T10:43:55-07:00,0,53
projects\projects.js,82,js,843f0916,Viki Shi,2025-04-28,23:57:31,-07:00,2025-04-28T23:57:31-07:00,0,0
projects\projects.js,83,js,c473610f,Viki Shi,2025-04-29,10:43:55,-07:00,2025-04-29T10:43:55-07:00,0,21
projects\projects.js,84,js,7777e7e5,Viki Shi,2025-04-22,20:27:13,-07:00,2025-04-22T20:27:13-07:00,0,0
projects\projects.js,85,js,caa5a42d,Viki Shi,2025-04-28,22:32:44,-07:00,2025-04-28T22:32:44-07:00,0,0
projects\projects.js,86,js,843f0916,Viki Shi,2025-04-28,23:57:31,-07:00,2025-04-28T23:57:31-07:00,0,37
projects\projects.js,87,js,843f0916,Viki Shi,2025-04-28,23:57:31,-07:00,2025-04-28T23:57:31-07:00,0,8
projects\projects.js,88,js,843f0916,Viki Shi,2025-04-28,23:57:31,-07:00,2025-04-28T23:57:31-07:00,0,7
projects\projects.js,89,js,843f0916,Viki Shi,2025-04-28,23:57:31,-07:00,2025-04-28T23:57:31-07:00,0,57
projects\projects.js,90,js,843f0916,Viki Shi,2025-04-28,23:57:31,-07:00,2025-04-28T23:57:31-07:00,0,0
projects\projects.js,91,js,bb4d1e45,Viki Shi,2025-04-28,23:47:03,-07:00,2025-04-28T23:47:03-07:00,0,0
projects\projects.js,92,js,c473610f,Viki Shi,2025-04-29,10:43:55,-07:00,2025-04-29T10:43:55-07:00,0,45
projects\projects.js,93,js,c473610f,Viki Shi,2025-04-29,10:43:55,-07:00,2025-04-29T10:43:55-07:00,0,22
projects\projects.js,94,js,843f0916,Viki Shi,2025-04-28,23:57:31,-07:00,2025-04-28T23:57:31-07:00,0,18
projects\projects.js,95,js,843f0916,Viki Shi,2025-04-28,23:57:31,-07:00,2025-04-28T23:57:31-07:00,0,8
projects\projects.js,96,js,843f0916,Viki Shi,2025-04-28,23:57:31,-07:00,2025-04-28T23:57:31-07:00,0,2
projects\projects.js,97,js,2cb5d12d,Viki Shi,2025-04-29,10:51:29,-07:00,2025-04-29T10:51:29-07:00,0,2
projects\index.html,1,html,9dbf67b6,viki shi,2025-04-03,10:30:37,-07:00,2025-04-03T10:30:37-07:00,0,14
projects\index.html,2,html,9dbf67b6,viki shi,2025-04-03,10:30:37,-07:00,2025-04-03T10:30:37-07:00,0,15
projects\index.html,3,html,4f2aeb7a,Viki Shi,2025-04-28,23:41:23,-07:00,2025-04-28T23:41:23-07:00,0,5
projects\index.html,4,html,4f2aeb7a,Viki Shi,2025-04-28,23:41:23,-07:00,2025-04-28T23:41:23-07:00,0,23
projects\index.html,5,html,4f2aeb7a,Viki Shi,2025-04-28,23:41:23,-07:00,2025-04-28T23:41:23-07:00,0,71
projects\index.html,6,html,4f2aeb7a,Viki Shi,2025-04-28,23:41:23,-07:00,2025-04-28T23:41:23-07:00,0,22
projects\index.html,7,html,d721cc9f,Viki Shi,2025-04-29,01:49:20,-07:00,2025-04-29T01:49:20-07:00,0,44
projects\index.html,8,html,4f2aeb7a,Viki Shi,2025-04-28,23:41:23,-07:00,2025-04-28T23:41:23-07:00,0,6
projects\index.html,9,html,9dbf67b6,viki shi,2025-04-03,10:30:37,-07:00,2025-04-03T10:30:37-07:00,0,5
projects\index.html,10,html,bb4d1e45,Viki Shi,2025-04-28,23:47:03,-07:00,2025-04-28T23:47:03-07:00,0,0
projects\index.html,11,html,7777e7e5,Viki Shi,2025-04-22,20:27:13,-07:00,2025-04-22T20:27:13-07:00,0,53
projects\index.html,12,html,a4da6717,Viki Shi,2025-04-28,21:40:15,-07:00,2025-04-28T21:40:15-07:00,0,0
projects\index.html,13,html,fa4a64b8,Viki Shi,2025-04-29,00:02:03,-07:00,2025-04-29T00:02:03-07:00,0,106
projects\index.html,14,html,4f2aeb7a,Viki Shi,2025-04-28,23:41:23,-07:00,2025-04-28T23:41:23-07:00,0,0
projects\index.html,15,html,bb4d1e45,Viki Shi,2025-04-28,23:47:03,-07:00,2025-04-28T23:47:03-07:00,0,21
projects\index.html,16,html,202d2e28,Viki Shi,2025-04-28,23:15:58,-07:00,2025-04-28T23:15:58-07:00,0,26
projects\index.html,17,html,202d2e28,Viki Shi,2025-04-28,23:15:58,-07:00,2025-04-28T23:15:58-07:00,0,55
projects\index.html,18,html,202d2e28,Viki Shi,2025-04-28,23:15:58,-07:00,2025-04-28T23:15:58-07:00,0,23
projects\index.html,19,html,62bbae21,Viki Shi,2025-04-28,22:15:50,-07:00,2025-04-28T22:15:50-07:00,0,5
projects\index.html,20,html,202d2e28,Viki Shi,2025-04-28,23:15:58,-07:00,2025-04-28T23:15:58-07:00,0,0
projects\index.html,21,html,85028356,Viki Shi,2025-04-29,10:39:29,-07:00,2025-04-29T10:39:29-07:00,0,32
projects\index.html,22,html,7777e7e5,Viki Shi,2025-04-22,20:27:13,-07:00,2025-04-22T20:27:13-07:00,0,5
projects\index.html,23,html,60cd22ce,Viki Shi,2025-04-28,21:42:19,-07:00,2025-04-28T21:42:19-07:00,0,0
projects\index.html,24,html,d721cc9f,Viki Shi,2025-04-29,01:49:20,-07:00,2025-04-29T01:49:20-07:00,0,49
projects\index.html,25,html,d721cc9f,Viki Shi,2025-04-29,01:49:20,-07:00,2025-04-29T01:49:20-07:00,0,50
projects\index.html,26,html,bb4d1e45,Viki Shi,2025-04-28,23:47:03,-07:00,2025-04-28T23:47:03-07:00,0,0
projects\index.html,27,html,7777e7e5,Viki Shi,2025-04-22,20:27:13,-07:00,2025-04-22T20:27:13-07:00,0,6
projects\index.html,28,html,7777e7e5,Viki Shi,2025-04-22,20:27:13,-07:00,2025-04-22T20:27:13-07:00,0,6
meta\index.html,1,html,6f11e282,Viki Shi,2025-05-08,22:32:36,-07:00,2025-05-08T22:32:36-07:00,0,14
meta\index.html,2,html,a39af26e,Viki Shi,2025-05-08,22:36:03,-07:00,2025-05-08T22:36:03-07:00,0,15
meta\index.html,3,html,6f11e282,Viki Shi,2025-05-08,22:32:36,-07:00,2025-05-08T22:32:36-07:00,0,5
meta\index.html,4,html,a39af26e,Viki Shi,2025-05-08,22:36:03,-07:00,2025-05-08T22:36:03-07:00,0,23
meta\index.html,5,html,a39af26e,Viki Shi,2025-05-08,22:36:03,-07:00,2025-05-08T22:36:03-07:00,0,29
meta\index.html,6,html,6f11e282,Viki Shi,2025-05-08,22:32:36,-07:00,2025-05-08T22:32:36-07:00,0,6
meta\index.html,7,html,6f11e282,Viki Shi,2025-05-08,22:32:36,-07:00,2025-05-08T22:32:36-07:00,0,5
meta\index.html,8,html,a39af26e,Viki Shi,2025-05-08,22:36:03,-07:00,2025-05-08T22:36:03-07:00,0,17
meta\index.html,9,html,a39af26e,Viki Shi,2025-05-08,22:36:03,-07:00,2025-05-08T22:36:03-07:00,0,8
meta\index.html,10,html,6f11e282,Viki Shi,2025-05-08,22:32:36,-07:00,2025-05-08T22:32:36-07:00,0,6
meta\index.html,11,html,a39af26e,Viki Shi,2025-05-08,22:36:03,-07:00,2025-05-08T22:36:03-07:00,0,6
contact\index.html,1,html,9dbf67b6,viki shi,2025-04-03,10:30:37,-07:00,2025-04-03T10:30:37-07:00,0,14
contact\index.html,2,html,9dbf67b6,viki shi,2025-04-03,10:30:37,-07:00,2025-04-03T10:30:37-07:00,0,15
contact\index.html,3,html,9dbf67b6,viki shi,2025-04-03,10:30:37,-07:00,2025-04-03T10:30:37-07:00,0,5
contact\index.html,4,html,023be426,Viki Shi,2025-04-13,13:58:54,-07:00,2025-04-13T13:58:54-07:00,0,23
contact\index.html,5,html,e7632db5,Viki Shi,2025-04-13,14:27:02,-07:00,2025-04-13T14:27:02-07:00,0,70
contact\index.html,6,html,023be426,Viki Shi,2025-04-13,13:58:54,-07:00,2025-04-13T13:58:54-07:00,0,21
contact\index.html,7,html,2ed90fc4,Viki Shi,2025-04-13,14:30:58,-07:00,2025-04-13T14:30:58-07:00,0,52
contact\index.html,8,html,2ed90fc4,Viki Shi,2025-04-13,14:30:58,-07:00,2025-04-13T14:30:58-07:00,0,0
contact\index.html,9,html,023be426,Viki Shi,2025-04-13,13:58:54,-07:00,2025-04-13T13:58:54-07:00,0,49
contact\index.html,10,html,9dbf67b6,viki shi,2025-04-03,10:30:37,-07:00,2025-04-03T10:30:37-07:00,0,6
contact\index.html,11,html,9dbf67b6,viki shi,2025-04-03,10:30:37,-07:00,2025-04-03T10:30:37-07:00,0,5
contact\index.html,12,html,023be426,Viki Shi,2025-04-13,13:58:54,-07:00,2025-04-13T13:58:54-07:00,0,15
contact\index.html,13,html,9dbf67b6,viki shi,2025-04-03,10:30:37,-07:00,2025-04-03T10:30:37-07:00,0,0
contact\index.html,14,html,023be426,Viki Shi,2025-04-13,13:58:54,-07:00,2025-04-13T13:58:54-07:00,0,78
contact\index.html,15,html,e7632db5,Viki Shi,2025-04-13,14:27:02,-07:00,2025-04-13T14:27:02-07:00,0,64
contact\index.html,16,html,e7632db5,Viki Shi,2025-04-13,14:27:02,-07:00,2025-04-13T14:27:02-07:00,0,55
contact\index.html,17,html,e7632db5,Viki Shi,2025-04-13,14:27:02,-07:00,2025-04-13T14:27:02-07:00,0,61
contact\index.html,18,html,023be426,Viki Shi,2025-04-13,13:58:54,-07:00,2025-04-13T13:58:54-07:00,0,22
contact\index.html,19,html,023be426,Viki Shi,2025-04-13,13:58:54,-07:00,2025-04-13T13:58:54-07:00,0,6
contact\index.html,20,html,9dbf67b6,viki shi,2025-04-03,10:30:37,-07:00,2025-04-03T10:30:37-07:00,0,6
contact\index.html,21,html,023be426,Viki Shi,2025-04-13,13:58:54,-07:00,2025-04-13T13:58:54-07:00,0,6
